branch,sanming-a,sanming-b,yuanhai-zangdun,yuanhai-anzang,lunar-typescript,tyme4ts-nominal,tyme4ts-as-run,stems_seen
子,壬7 癸23,癸18 壬5 辛3,癸,壬7 癸,癸,壬10 癸20,壬11 癸18,壬 癸 辛
丑,癸7 庚5 己18,己18 癸7 辛5,癸 辛 己,癸7 辛8 己10,己 癸 辛,癸9 辛3 己18,癸10 辛3 己17,己 庚 癸 辛
寅,艮土5 丙5 甲20,己7 丙5 甲18,甲 丙 戊,丙 甲,甲 丙 戊,戊7 丙7 甲16,戊8 丙7 甲15,丙 己 戊 甲 艮土
卯,甲7 乙23,乙18 甲9 癸3,乙,乙,乙,甲10 乙20,甲11 乙19,乙 甲 癸
辰,乙7 壬5 戊18,戊18 乙9 癸3,乙 戊 癸,乙10 癸8 戊,戊 乙 癸,乙9 癸3 戊18,乙10 癸3 戊18,乙 壬 戊 癸
巳,戊7 庚5 丙18,丙18 戊7 庚5,庚 丙 戊,戊 丙,丙 庚 戊,戊5 庚9 丙16,戊6 庚9 丙16,丙 庚 戊
午,丙7 丁23,丁18 丙9 乙3,丁 己,己 丙 丁,丁 己,丙10 己9 丁11,丙11 己9 丁12,丁 丙 乙 己
未,丁7 甲5 己18,己18 乙5 丁7,乙 己 丁,丁10 乙3 己13,己 丁 乙,丁9 乙3 己18,丁10 乙3 己18,丁 乙 己 甲
申,坤土5 壬5 庚20,庚17 己7 戊3 壬3,庚 壬 戊,壬10 庚15,庚 壬 戊,戊10 壬3 庚17,戊11 壬3 庚17,坤土 壬 己 庚 戊
酉,庚7 辛23,辛20 庚7 丁5,辛,庚7 辛8,辛,庚10 辛20,庚11 辛20,丁 庚 辛
戌,辛7 丙5 戊18,戊18 辛7 丁5,辛 丁 戊,辛7 丁8 己15,戊 辛 丁,辛9 丁3 戊18,辛10 丁3 戊17,丁 丙 己 戊 辛
亥,戊5 甲5 壬20,壬18 甲5 戊7,壬 甲,癸7 壬15 甲8,壬 甲,戊7 甲5 壬18,戊8 甲5 壬17,壬 戊 甲 癸
