subject,subject_en,meets,meets_en,verdict,verdict_en,scope,quotes
海中金,Gold in the Sea,海中金,Gold in the Sea,+,welcomes,named,同類相資
海中金,Gold in the Sea,金泊金,Gold Foil Metal,+,welcomes,named,泊金亦好
海中金,Gold in the Sea,白鑞金,Soft Wax Metal,~,conditional,named,柱中逢金砂鑞原未成器海中又未成器彼此無益故無火不宜
海中金,Gold in the Sea,砂中金,Gold in the Sand,~,conditional,named,柱中逢金砂鑞原未成器海中又未成器彼此無益故無火不宜
海中金,Gold in the Sea,劒鋒金,Sword-Edge Metal,+,welcomes,named,劒釵已成器金相見有助
海中金,Gold in the Sea,釵釧金,Hairpin and Bracelet Metal,+,welcomes,named,劒釵已成器金相見有助
海中金,Gold in the Sea,霹靂火,Thunderbolt Fire,-,avoids,named,霹火就位相克性主昏蒙運如再犯大凶
海中金,Gold in the Sea,爐中火,Fire in the Furnace,+,welcomes,named,甲子乙丑俱喜見爐中火
海中金,Gold in the Sea,覆燈火,Sheltered Lamp Fire,~,conditional,named,覆燈山下山頭諸火性微不能煉金故宜木助
海中金,Gold in the Sea,天上火,Fire in the Sky,~,conditional,named,天上火不能克金須假凡火再得水濟無衝破為佳
海中金,Gold in the Sea,山下火,Fire at the Foothill,~,conditional,named,覆燈山下山頭諸火性微不能煉金故宜木助
海中金,Gold in the Sea,山頭火,Hilltop Fire,~,conditional,named,覆燈山下山頭諸火性微不能煉金故宜木助
海中金,Gold in the Sea,壁上土,Earth on the Wall,~,conditional,named,路傍屋壁城頭大驛諸土在日時柱中天元支辰納音俱無火制主賤中年夭
海中金,Gold in the Sea,城頭土,City Wall Earth,+,welcomes,named,余見亦未然以庚午辛未戊寅己卯二土造化有情故也
海中金,Gold in the Sea,砂中土,Earth in the Sand,-,avoids,named,沙土埋金誠不宜見有火亦不吉
海中金,Gold in the Sea,路傍土,Roadside Earth,+,welcomes,named,余見亦未然以庚午辛未戊寅己卯二土造化有情故也
海中金,Gold in the Sea,大驛土,Great Road Earth,~,conditional,named,路傍屋壁城頭大驛諸土在日時柱中天元支辰納音俱無火制主賤中年夭
海中金,Gold in the Sea,屋上土,Rooftop Earth,~,conditional,named,路傍屋壁城頭大驛諸土在日時柱中天元支辰納音俱無火制主賤中年夭
海中金,Gold in the Sea,澗下水,Water in the Ravine,~,conditional,named,井泉澗下大溪天河等水無火俱不宜見
海中金,Gold in the Sea,大溪水,Water of the Great Stream,~,conditional,named,井泉澗下大溪天河等水無火俱不宜見
海中金,Gold in the Sea,天河水,Water of the Milky Way,~,conditional,named,井泉澗下大溪天河等水無火俱不宜見
海中金,Gold in the Sea,井泉水,Water in the Spring,~,conditional,named,井泉澗下大溪天河等水無火俱不宜見
海中金,Gold in the Sea,大海水,Water of the Great Sea,~,conditional,named,海水亦不宜然以妙選論之則為貴格
金泊金,Gold Foil Metal,海中金,Gold in the Sea,~,conditional,named,砂海白鑞無益有火濟之亦吉無則終凶
金泊金,Gold Foil Metal,白鑞金,Soft Wax Metal,~,conditional,named,砂海白鑞無益有火濟之亦吉無則終凶
金泊金,Gold Foil Metal,砂中金,Gold in the Sand,~,conditional,named,砂海白鑞無益有火濟之亦吉無則終凶
金泊金,Gold Foil Metal,劒鋒金,Sword-Edge Metal,+,welcomes,named,金遇劒鋒釵釧可以裝飾有輔成造化之理故喜見
金泊金,Gold Foil Metal,釵釧金,Hairpin and Bracelet Metal,+,welcomes,named,金遇劒鋒釵釧可以裝飾有輔成造化之理故喜見
金泊金,Gold Foil Metal,霹靂火,Thunderbolt Fire,-,avoids,element,有此不宜見火有火主夭
金泊金,Gold Foil Metal,爐中火,Fire in the Furnace,-,avoids,named,惟忌爐火就位相克
金泊金,Gold Foil Metal,覆燈火,Sheltered Lamp Fire,+,welcomes,named,再遇燈火輝光照耀主權貴
金泊金,Gold Foil Metal,天上火,Fire in the Sky,~,conditional,named,遇太陽為日間之顯二火相反不宜同見
金泊金,Gold Foil Metal,山下火,Fire at the Foothill,~,conditional,named,山下山頭有清水助之亦吉
金泊金,Gold Foil Metal,山頭火,Hilltop Fire,~,conditional,named,山下山頭有清水助之亦吉
金泊金,Gold Foil Metal,平地木,Tree on Open Ground,+,welcomes,named,木以平地為上
金泊金,Gold Foil Metal,壁上土,Earth on the Wall,+,welcomes,named,城頭壁上二土有靠安身
金泊金,Gold Foil Metal,城頭土,City Wall Earth,+,welcomes,named,城頭壁上二土有靠安身
金泊金,Gold Foil Metal,屋上土,Rooftop Earth,~,conditional,named,丙戌土中藏火干支却不宜太炎亦為貴格
金泊金,Gold Foil Metal,澗下水,Water in the Ravine,~,conditional,named,井泉澗下天河水清日時喜見須月令有木方吉
金泊金,Gold Foil Metal,大溪水,Water of the Great Stream,-,avoids,named,見溪流主漂蕩
金泊金,Gold Foil Metal,天河水,Water of the Milky Way,~,conditional,named,井泉澗下天河水清日時喜見須月令有木方吉
金泊金,Gold Foil Metal,井泉水,Water in the Spring,~,conditional,named,井泉澗下天河水清日時喜見須月令有木方吉
金泊金,Gold Foil Metal,大海水,Water of the Great Sea,~,conditional,named,見大海無木為基主凶殘
白鑞金,Soft Wax Metal,海中金,Gold in the Sea,-,avoids,named,金忌海砂為汨沒
白鑞金,Soft Wax Metal,砂中金,Gold in the Sand,-,avoids,named,金忌海砂為汨沒
白鑞金,Soft Wax Metal,爐中火,Fire in the Furnace,+,welcomes,named,此金惟喜火煉須爐中炎火
白鑞金,Soft Wax Metal,山下火,Fire at the Foothill,~,conditional,named,山下火生早主榮貴亦須水助方得
白鑞金,Soft Wax Metal,桑柘木,Mulberry Wood,0,no effect,element,見木逢多無益以此金不能相克
白鑞金,Soft Wax Metal,松柏木,Pine and Cypress Wood,0,no effect,element,見木逢多無益以此金不能相克
白鑞金,Soft Wax Metal,大林木,Great Forest Wood,0,no effect,element,見木逢多無益以此金不能相克
白鑞金,Soft Wax Metal,楊柳木,Willow Wood,0,no effect,element,見木逢多無益以此金不能相克
白鑞金,Soft Wax Metal,石榴木,Pomegranate Wood,0,no effect,element,見木逢多無益以此金不能相克
白鑞金,Soft Wax Metal,平地木,Tree on Open Ground,0,no effect,element,見木逢多無益以此金不能相克
白鑞金,Soft Wax Metal,壁上土,Earth on the Wall,~,conditional,element,見土只宜磨砌方成器物則吉別土無用
白鑞金,Soft Wax Metal,城頭土,City Wall Earth,~,conditional,element,見土只宜磨砌方成器物則吉別土無用
白鑞金,Soft Wax Metal,砂中土,Earth in the Sand,~,conditional,element,見土只宜磨砌方成器物則吉別土無用
白鑞金,Soft Wax Metal,路傍土,Roadside Earth,~,conditional,element,見土只宜磨砌方成器物則吉別土無用
白鑞金,Soft Wax Metal,大驛土,Great Road Earth,~,conditional,element,見土只宜磨砌方成器物則吉別土無用
白鑞金,Soft Wax Metal,屋上土,Rooftop Earth,~,conditional,element,見土只宜磨砌方成器物則吉別土無用
白鑞金,Soft Wax Metal,澗下水,Water in the Ravine,+,welcomes,named,庚見丁丑官貴俱全
白鑞金,Soft Wax Metal,大溪水,Water of the Great Stream,+,welcomes,named,井泉大溪俱為貴格
白鑞金,Soft Wax Metal,長流水,Long-Flowing Water,+,welcomes,named,辛見丙子不如癸巳更清
白鑞金,Soft Wax Metal,井泉水,Water in the Spring,+,welcomes,named,井泉大溪俱為貴格
砂中金,Gold in the Sand,海中金,Gold in the Sea,~,conditional,named,海中白鑞有火制亦得
砂中金,Gold in the Sand,白鑞金,Soft Wax Metal,~,conditional,named,海中白鑞有火制亦得
砂中金,Gold in the Sand,霹靂火,Thunderbolt Fire,+,welcomes,named,戊子己丑龍火相逢子午有交媾之玅
砂中金,Gold in the Sand,爐中火,Fire in the Furnace,+,welcomes,named,此金非爐火則不能制
砂中金,Gold in the Sand,覆燈火,Sheltered Lamp Fire,~,conditional,named,山頭山下覆燈三火旣有木生克制此金又須清水濟之
砂中金,Gold in the Sand,山下火,Fire at the Foothill,~,conditional,named,山頭山下覆燈三火旣有木生克制此金又須清水濟之
砂中金,Gold in the Sand,山頭火,Hilltop Fire,~,conditional,named,山頭山下覆燈三火旣有木生克制此金又須清水濟之
砂中金,Gold in the Sand,桑柘木,Mulberry Wood,~,conditional,element,如柱無火逢一二木則危
砂中金,Gold in the Sand,松柏木,Pine and Cypress Wood,~,conditional,element,如柱無火逢一二木則危
砂中金,Gold in the Sand,大林木,Great Forest Wood,~,conditional,element,如柱無火逢一二木則危
砂中金,Gold in the Sand,楊柳木,Willow Wood,~,conditional,element,如柱無火逢一二木則危
砂中金,Gold in the Sand,石榴木,Pomegranate Wood,~,conditional,element,如柱無火逢一二木則危
砂中金,Gold in the Sand,平地木,Tree on Open Ground,~,conditional,element,如柱無火逢一二木則危
砂中金,Gold in the Sand,城頭土,City Wall Earth,+,welcomes,named,城頭戊寅乙未喜見
砂中金,Gold in the Sand,砂中土,Earth in the Sand,-,avoids,named,若更逢砂土反有埋沒之憂
砂中金,Gold in the Sand,路傍土,Roadside Earth,-,avoids,named,路傍大驛亦在所忌
砂中金,Gold in the Sand,大驛土,Great Road Earth,-,avoids,named,路傍大驛亦在所忌
砂中金,Gold in the Sand,屋上土,Rooftop Earth,+,welcomes,named,惟丙戌之土中藏火庫乃喜見之
砂中金,Gold in the Sand,澗下水,Water in the Ravine,+,welcomes,named,見水惟宜井泉澗下天河清淨則吉
砂中金,Gold in the Sand,大溪水,Water of the Great Stream,-,avoids,named,長溪大流動而不靜並見則金泛不安
砂中金,Gold in the Sand,長流水,Long-Flowing Water,-,avoids,named,長溪大流動而不靜並見則金泛不安
砂中金,Gold in the Sand,天河水,Water of the Milky Way,~,conditional,named,丙午納音雖水而支干純火加逢尤凶
砂中金,Gold in the Sand,井泉水,Water in the Spring,+,welcomes,named,見水惟宜井泉澗下天河清淨則吉
砂中金,Gold in the Sand,大海水,Water of the Great Sea,-,avoids,named,海水尤忌
劒鋒金,Sword-Edge Metal,海中金,Gold in the Sea,~,conditional,named,海砂白鑞此三金内乙丑獨吉
劒鋒金,Sword-Edge Metal,白鑞金,Soft Wax Metal,-,avoids,named,若柱有未成之金無加於劒故最忌之
劒鋒金,Sword-Edge Metal,砂中金,Gold in the Sand,-,avoids,named,若柱有未成之金無加於劒故最忌之
劒鋒金,Sword-Edge Metal,劒鋒金,Sword-Edge Metal,+,welcomes,named,金喜同類
劒鋒金,Sword-Edge Metal,釵釧金,Hairpin and Bracelet Metal,+,welcomes,named,釵釧成器相見亦宜
劒鋒金,Sword-Edge Metal,霹靂火,Thunderbolt Fire,+,welcomes,named,火見神龍陰陽交遇
劒鋒金,Sword-Edge Metal,爐中火,Fire in the Furnace,~,conditional,named,遇天上爐中二火無水救則夭
劒鋒金,Sword-Edge Metal,天上火,Fire in the Sky,~,conditional,named,遇天上爐中二火無水救則夭
劒鋒金,Sword-Edge Metal,松柏木,Pine and Cypress Wood,+,welcomes,named,松柏楊柳亦吉但多聚散
劒鋒金,Sword-Edge Metal,大林木,Great Forest Wood,-,avoids,named,大林平地嫌有土制主勞苦
劒鋒金,Sword-Edge Metal,楊柳木,Willow Wood,+,welcomes,named,松柏楊柳亦吉但多聚散
劒鋒金,Sword-Edge Metal,平地木,Tree on Open Ground,-,avoids,named,大林平地嫌有土制主勞苦
劒鋒金,Sword-Edge Metal,壁上土,Earth on the Wall,+,welcomes,named,只壁上城頭有磨鋒淬礪之用此二土則可
劒鋒金,Sword-Edge Metal,城頭土,City Wall Earth,+,welcomes,named,只壁上城頭有磨鋒淬礪之用此二土則可
劒鋒金,Sword-Edge Metal,砂中土,Earth in the Sand,-,avoids,element,諸土見皆不吉以其埋沒
劒鋒金,Sword-Edge Metal,路傍土,Roadside Earth,-,avoids,element,諸土見皆不吉以其埋沒
劒鋒金,Sword-Edge Metal,大驛土,Great Road Earth,-,avoids,element,諸土見皆不吉以其埋沒
劒鋒金,Sword-Edge Metal,屋上土,Rooftop Earth,-,avoids,element,諸土見皆不吉以其埋沒
劒鋒金,Sword-Edge Metal,澗下水,Water in the Ravine,~,conditional,named,井泉澗下有霹靂助或得乙卯之雷方好
劒鋒金,Sword-Edge Metal,大溪水,Water of the Great Stream,+,welcomes,named,大溪海水日時相逢為上格
劒鋒金,Sword-Edge Metal,長流水,Long-Flowing Water,+,welcomes,named,日時遇長流在壬辰為寶劒化為青龍
劒鋒金,Sword-Edge Metal,井泉水,Water in the Spring,~,conditional,named,井泉澗下有霹靂助或得乙卯之雷方好
劒鋒金,Sword-Edge Metal,大海水,Water of the Great Sea,+,welcomes,named,大溪海水日時相逢為上格
釵釧金,Hairpin and Bracelet Metal,海中金,Gold in the Sea,0,no effect,named,除此二金別金無用
釵釧金,Hairpin and Bracelet Metal,金泊金,Gold Foil Metal,+,welcomes,named,泊金增光
釵釧金,Hairpin and Bracelet Metal,白鑞金,Soft Wax Metal,0,no effect,named,除此二金別金無用
釵釧金,Hairpin and Bracelet Metal,砂中金,Gold in the Sand,0,no effect,named,除此二金別金無用
釵釧金,Hairpin and Bracelet Metal,劒鋒金,Sword-Edge Metal,+,welcomes,named,金喜劒鋒則成造化
釵釧金,Hairpin and Bracelet Metal,霹靂火,Thunderbolt Fire,~,conditional,named,戊子己丑與丙午丁未相持二火忌疊見之
釵釧金,Hairpin and Bracelet Metal,爐中火,Fire in the Furnace,-,avoids,named,爐中火庚戌最忌
釵釧金,Hairpin and Bracelet Metal,覆燈火,Sheltered Lamp Fire,+,welcomes,named,太陽火日生顯耀覆燈火夜間顯耀故皆宜見
釵釧金,Hairpin and Bracelet Metal,天上火,Fire in the Sky,+,welcomes,named,太陽火日生顯耀覆燈火夜間顯耀故皆宜見
釵釧金,Hairpin and Bracelet Metal,山下火,Fire at the Foothill,~,conditional,named,山下山頭俱不宜見若有水濟亦可
釵釧金,Hairpin and Bracelet Metal,山頭火,Hilltop Fire,~,conditional,named,山下山頭俱不宜見若有水濟亦可
釵釧金,Hairpin and Bracelet Metal,砂中土,Earth in the Sand,+,welcomes,named,土見砂中相生相養
釵釧金,Hairpin and Bracelet Metal,澗下水,Water in the Ravine,+,welcomes,named,惟宜靜水井澗溪流見之皆吉
釵釧金,Hairpin and Bracelet Metal,大溪水,Water of the Great Stream,+,welcomes,named,惟宜靜水井澗溪流見之皆吉
釵釧金,Hairpin and Bracelet Metal,天河水,Water of the Milky Way,~,conditional,named,天河辛亥見之無妨丙午真火庚戌所忌
釵釧金,Hairpin and Bracelet Metal,井泉水,Water in the Spring,+,welcomes,named,惟宜靜水井澗溪流見之皆吉
釵釧金,Hairpin and Bracelet Metal,大海水,Water of the Great Sea,-,avoids,named,海水貧夭
霹靂火,Thunderbolt Fire,海中金,Gold in the Sea,~,conditional,named,海金遇風
霹靂火,Thunderbolt Fire,金泊金,Gold Foil Metal,0,no effect,named,餘金無用
霹靂火,Thunderbolt Fire,白鑞金,Soft Wax Metal,~,conditional,named,鑞金逢澗
霹靂火,Thunderbolt Fire,砂中金,Gold in the Sand,0,no effect,named,餘金無用
霹靂火,Thunderbolt Fire,劒鋒金,Sword-Edge Metal,~,conditional,named,劒金加水
霹靂火,Thunderbolt Fire,釵釧金,Hairpin and Bracelet Metal,0,no effect,named,餘金無用
霹靂火,Thunderbolt Fire,爐中火,Fire in the Furnace,~,conditional,named,見爐中丁卯為吉戊子逢丙寅太燥性凶主夭
霹靂火,Thunderbolt Fire,覆燈火,Sheltered Lamp Fire,+,welcomes,named,燈火東南巽地有風最宜
霹靂火,Thunderbolt Fire,天上火,Fire in the Sky,~,conditional,named,戊午己未天上火日時遇之防刑克
霹靂火,Thunderbolt Fire,桑柘木,Mulberry Wood,0,no effect,named,餘木無用
霹靂火,Thunderbolt Fire,松柏木,Pine and Cypress Wood,~,conditional,named,見木辛卯有雷
霹靂火,Thunderbolt Fire,大林木,Great Forest Wood,+,welcomes,named,大林有風平地有天門與此火相資
霹靂火,Thunderbolt Fire,楊柳木,Willow Wood,0,no effect,named,餘木無用
霹靂火,Thunderbolt Fire,石榴木,Pomegranate Wood,0,no effect,named,餘木無用
霹靂火,Thunderbolt Fire,平地木,Tree on Open Ground,+,welcomes,named,大林有風平地有天門與此火相資
霹靂火,Thunderbolt Fire,城頭土,City Wall Earth,~,conditional,named,己卯有雷得泉助之亦主貴顯
霹靂火,Thunderbolt Fire,砂中土,Earth in the Sand,+,welcomes,named,砂中丁巳有風
霹靂火,Thunderbolt Fire,路傍土,Roadside Earth,~,conditional,named,土見路傍加巽則吉
霹靂火,Thunderbolt Fire,澗下水,Water in the Ravine,+,welcomes,named,澗下雖就位相克此神火也不忌
霹靂火,Thunderbolt Fire,大溪水,Water of the Great Stream,+,welcomes,named,見大溪乙卯為雷火變化
霹靂火,Thunderbolt Fire,長流水,Long-Flowing Water,0,no effect,named,長流無用
霹靂火,Thunderbolt Fire,天河水,Water of the Milky Way,+,welcomes,named,天上水名為旣濟主吉
霹靂火,Thunderbolt Fire,大海水,Water of the Great Sea,+,welcomes,named,如日時見大海癸亥為引凡入聖
爐中火,Fire in the Furnace,海中金,Gold in the Sea,~,conditional,named,海中砂鑞諸金須資木生方喜見之
爐中火,Fire in the Furnace,金泊金,Gold Foil Metal,0,no effect,named,釵泊無用
爐中火,Fire in the Furnace,白鑞金,Soft Wax Metal,~,conditional,named,海中砂鑞諸金須資木生方喜見之
爐中火,Fire in the Furnace,砂中金,Gold in the Sand,~,conditional,named,海中砂鑞諸金須資木生方喜見之
爐中火,Fire in the Furnace,劒鋒金,Sword-Edge Metal,~,conditional,named,内劒金寅見之稍可
爐中火,Fire in the Furnace,釵釧金,Hairpin and Bracelet Metal,0,no effect,named,釵泊無用
爐中火,Fire in the Furnace,霹靂火,Thunderbolt Fire,~,conditional,named,霹靂火本自無益若得木生更日時有海水則宜
爐中火,Fire in the Furnace,覆燈火,Sheltered Lamp Fire,~,conditional,named,燈火巽風又為鼓舞亡神
爐中火,Fire in the Furnace,天上火,Fire in the Sky,~,conditional,named,天上火須有屋土遮之
爐中火,Fire in the Furnace,松柏木,Pine and Cypress Wood,~,conditional,named,如庚寅辛卯就位相生壬午癸未化為真火寅見之多主凶暴或疾夭
爐中火,Fire in the Furnace,楊柳木,Willow Wood,~,conditional,named,如庚寅辛卯就位相生壬午癸未化為真火寅見之多主凶暴或疾夭
爐中火,Fire in the Furnace,平地木,Tree on Open Ground,+,welcomes,named,惟平地之木為上
爐中火,Fire in the Furnace,壁上土,Earth on the Wall,+,welcomes,named,如城頭屋壁皆成器之土方好
爐中火,Fire in the Furnace,城頭土,City Wall Earth,+,welcomes,named,如城頭屋壁皆成器之土方好
爐中火,Fire in the Furnace,屋上土,Rooftop Earth,+,welcomes,named,如城頭屋壁皆成器之土方好
爐中火,Fire in the Furnace,澗下水,Water in the Ravine,~,conditional,named,井澗溪流皆凶有木不在此論
爐中火,Fire in the Furnace,大溪水,Water of the Great Stream,~,conditional,named,井澗溪流皆凶有木不在此論
爐中火,Fire in the Furnace,長流水,Long-Flowing Water,~,conditional,named,井澗溪流皆凶有木不在此論
爐中火,Fire in the Furnace,天河水,Water of the Milky Way,~,conditional,named,天上清水寅命遇之為吉卯中無木則嫌
爐中火,Fire in the Furnace,井泉水,Water in the Spring,~,conditional,named,井澗溪流皆凶有木不在此論
爐中火,Fire in the Furnace,大海水,Water of the Great Sea,~,conditional,named,丙寅見壬戌為福庫見癸亥為官星帶合半凶半吉
覆燈火,Sheltered Lamp Fire,金泊金,Gold Foil Metal,+,welcomes,named,命值泊金照耀最為清貴
覆燈火,Sheltered Lamp Fire,白鑞金,Soft Wax Metal,-,avoids,named,鑞金不宜
覆燈火,Sheltered Lamp Fire,砂中金,Gold in the Sand,+,welcomes,named,砂中釵釧二金皆吉
覆燈火,Sheltered Lamp Fire,劒鋒金,Sword-Edge Metal,+,welcomes,named,燈花拂劒尤吉
覆燈火,Sheltered Lamp Fire,釵釧金,Hairpin and Bracelet Metal,+,welcomes,named,砂中釵釧二金皆吉
覆燈火,Sheltered Lamp Fire,霹靂火,Thunderbolt Fire,-,avoids,named,必帶風來此火難存
覆燈火,Sheltered Lamp Fire,爐中火,Fire in the Furnace,-,avoids,named,天上爐中二火相見最凶
覆燈火,Sheltered Lamp Fire,天上火,Fire in the Sky,-,avoids,named,天上爐中二火相見最凶
覆燈火,Sheltered Lamp Fire,桑柘木,Mulberry Wood,+,welcomes,element,見木為根本凡木皆好
覆燈火,Sheltered Lamp Fire,松柏木,Pine and Cypress Wood,+,welcomes,element,見木為根本凡木皆好
覆燈火,Sheltered Lamp Fire,大林木,Great Forest Wood,+,welcomes,element,見木為根本凡木皆好
覆燈火,Sheltered Lamp Fire,楊柳木,Willow Wood,+,welcomes,element,見木為根本凡木皆好
覆燈火,Sheltered Lamp Fire,石榴木,Pomegranate Wood,+,welcomes,element,見木為根本凡木皆好
覆燈火,Sheltered Lamp Fire,平地木,Tree on Open Ground,+,welcomes,element,見木為根本凡木皆好
覆燈火,Sheltered Lamp Fire,壁上土,Earth on the Wall,+,welcomes,named,壁土可以安身
覆燈火,Sheltered Lamp Fire,城頭土,City Wall Earth,0,no effect,named,餘土無用
覆燈火,Sheltered Lamp Fire,砂中土,Earth in the Sand,~,conditional,named,砂土有木亦主衣食
覆燈火,Sheltered Lamp Fire,路傍土,Roadside Earth,0,no effect,named,餘土無用
覆燈火,Sheltered Lamp Fire,大驛土,Great Road Earth,0,no effect,named,餘土無用
覆燈火,Sheltered Lamp Fire,屋上土,Rooftop Earth,+,welcomes,named,屋土可以覆庇
覆燈火,Sheltered Lamp Fire,澗下水,Water in the Ravine,+,welcomes,named,水以井泉澗下為真油
覆燈火,Sheltered Lamp Fire,長流水,Long-Flowing Water,~,conditional,named,長流假油
覆燈火,Sheltered Lamp Fire,天河水,Water of the Milky Way,-,avoids,named,大海河水則不可以為油
覆燈火,Sheltered Lamp Fire,井泉水,Water in the Spring,+,welcomes,named,水以井泉澗下為真油
覆燈火,Sheltered Lamp Fire,大海水,Water of the Great Sea,-,avoids,named,大海河水則不可以為油
天上火,Fire in the Sky,海中金,Gold in the Sea,-,avoids,named,餘金則殃
天上火,Fire in the Sky,金泊金,Gold Foil Metal,+,welcomes,named,濟釵金有戌亥泊金有寅卯主吉
天上火,Fire in the Sky,白鑞金,Soft Wax Metal,-,avoids,named,餘金則殃
天上火,Fire in the Sky,砂中金,Gold in the Sand,-,avoids,named,餘金則殃
天上火,Fire in the Sky,劒鋒金,Sword-Edge Metal,+,welcomes,named,劒金為耀日月之光
天上火,Fire in the Sky,釵釧金,Hairpin and Bracelet Metal,+,welcomes,named,濟釵金有戌亥泊金有寅卯主吉
天上火,Fire in the Sky,霹靂火,Thunderbolt Fire,-,avoids,named,霹靂帶雲雨則日月無光故主昏蒙
天上火,Fire in the Sky,爐中火,Fire in the Furnace,-,avoids,named,爐中午忌丙寅
天上火,Fire in the Sky,覆燈火,Sheltered Lamp Fire,+,welcomes,named,火愛燈頭
天上火,Fire in the Sky,松柏木,Pine and Cypress Wood,+,welcomes,named,惟此三木主貴
天上火,Fire in the Sky,大林木,Great Forest Wood,+,welcomes,named,惟此三木主貴
天上火,Fire in the Sky,石榴木,Pomegranate Wood,+,welcomes,named,惟此三木主貴
天上火,Fire in the Sky,城頭土,City Wall Earth,+,welcomes,named,路傍城屋皆吉
天上火,Fire in the Sky,砂中土,Earth in the Sand,~,conditional,named,土見砂中有巽風相假
天上火,Fire in the Sky,路傍土,Roadside Earth,+,welcomes,named,路傍城屋皆吉
天上火,Fire in the Sky,屋上土,Rooftop Earth,+,welcomes,named,路傍城屋皆吉
天上火,Fire in the Sky,澗下水,Water in the Ravine,~,conditional,named,水宜澗下須戊午見丁丑己未見丙子陰陽交互方為福貴
天上火,Fire in the Sky,大溪水,Water of the Great Stream,~,conditional,named,大溪有乙卯井泉有己酉出入得門皆吉
天上火,Fire in the Sky,天河水,Water of the Milky Way,+,welcomes,named,天河雨露相濟不以就位克論
天上火,Fire in the Sky,井泉水,Water in the Spring,~,conditional,named,大溪有乙卯井泉有己酉出入得門皆吉
山下火,Fire at the Foothill,海中金,Gold in the Sea,+,welcomes,named,乙丑為山主貴
山下火,Fire at the Foothill,霹靂火,Thunderbolt Fire,-,avoids,named,火忌太陽霹靂
山下火,Fire at the Foothill,覆燈火,Sheltered Lamp Fire,+,welcomes,named,燈頭是巽主光顯
山下火,Fire at the Foothill,天上火,Fire in the Sky,-,avoids,named,火忌太陽霹靂
山下火,Fire at the Foothill,桑柘木,Mulberry Wood,+,welcomes,named,桑柘木有癸丑為山
山下火,Fire at the Foothill,松柏木,Pine and Cypress Wood,+,welcomes,named,松柏平地最吉
山下火,Fire at the Foothill,大林木,Great Forest Wood,+,welcomes,named,大林木有辰巳為風
山下火,Fire at the Foothill,平地木,Tree on Open Ground,+,welcomes,named,松柏平地最吉
山下火,Fire at the Foothill,砂中土,Earth in the Sand,~,conditional,named,土見砂中辰巳有風若有木有山加助主大貴
山下火,Fire at the Foothill,澗下水,Water in the Ravine,~,conditional,named,水愛井泉澗下有木相資主爵位崇顯
山下火,Fire at the Foothill,大溪水,Water of the Great Stream,~,conditional,named,只甲寅水吉
山下火,Fire at the Foothill,天河水,Water of the Milky Way,~,conditional,named,天上水為驟雨此火不宜相見若先得山水滋助亦無大害
山下火,Fire at the Foothill,井泉水,Water in the Spring,~,conditional,named,水愛井泉澗下有木相資主爵位崇顯
山下火,Fire at the Foothill,大海水,Water of the Great Sea,~,conditional,named,大海水不宜然有山亦應貴格
山頭火,Hilltop Fire,霹靂火,Thunderbolt Fire,-,avoids,named,霹火凶害
山頭火,Hilltop Fire,爐中火,Fire in the Furnace,-,avoids,named,見火爐中太炎
山頭火,Hilltop Fire,天上火,Fire in the Sky,-,avoids,named,太陽昏蒙
山頭火,Hilltop Fire,山下火,Fire at the Foothill,-,avoids,named,山下戰刑
山頭火,Hilltop Fire,桑柘木,Mulberry Wood,+,welcomes,named,更得癸丑為山上木主貴
山頭火,Hilltop Fire,松柏木,Pine and Cypress Wood,+,welcomes,named,木喜大林松柏
山頭火,Hilltop Fire,大林木,Great Forest Wood,+,welcomes,named,木喜大林松柏
山頭火,Hilltop Fire,楊柳木,Willow Wood,0,no effect,named,餘木無用
山頭火,Hilltop Fire,石榴木,Pomegranate Wood,0,no effect,named,餘木無用
山頭火,Hilltop Fire,平地木,Tree on Open Ground,0,no effect,named,餘木無用
山頭火,Hilltop Fire,壁上土,Earth on the Wall,0,no effect,named,別土無益
山頭火,Hilltop Fire,城頭土,City Wall Earth,0,no effect,named,別土無益
山頭火,Hilltop Fire,砂中土,Earth in the Sand,+,welcomes,named,見土惟砂中有巽能揚此火
山頭火,Hilltop Fire,路傍土,Roadside Earth,0,no effect,named,別土無益
山頭火,Hilltop Fire,大驛土,Great Road Earth,0,no effect,named,別土無益
山頭火,Hilltop Fire,屋上土,Rooftop Earth,0,no effect,named,別土無益
山頭火,Hilltop Fire,澗下水,Water in the Ravine,+,welcomes,named,水宜澗下名為交泰主吉
山頭火,Hilltop Fire,大溪水,Water of the Great Stream,+,welcomes,named,大溪甲戌見甲寅乙亥見乙卯却真祿俱吉
山頭火,Hilltop Fire,天河水,Water of the Milky Way,~,conditional,named,天上須有雨露而火到午未得地再得清水濟之不至於燥主福不然則夭
山頭火,Hilltop Fire,井泉水,Water in the Spring,~,conditional,named,井泉清水有木助之亦吉
山頭火,Hilltop Fire,大海水,Water of the Great Sea,-,avoids,named,大海就位相克最凶
桑柘木,Mulberry Wood,金泊金,Gold Foil Metal,~,conditional,named,釵泊二金須得土為基
桑柘木,Mulberry Wood,砂中金,Gold in the Sand,+,welcomes,named,以金言之砂中第一
桑柘木,Mulberry Wood,劒鋒金,Sword-Edge Metal,+,welcomes,named,劒鋒能修整此木為次
桑柘木,Mulberry Wood,釵釧金,Hairpin and Bracelet Metal,~,conditional,named,釵泊二金須得土為基
桑柘木,Mulberry Wood,霹靂火,Thunderbolt Fire,+,welcomes,named,天上霹靂二火與此木干支有合化之情
桑柘木,Mulberry Wood,爐中火,Fire in the Furnace,+,welcomes,named,爐中位居寅卯木之旺地
桑柘木,Mulberry Wood,覆燈火,Sheltered Lamp Fire,+,welcomes,named,見火燈頭最吉
桑柘木,Mulberry Wood,天上火,Fire in the Sky,+,welcomes,named,天上霹靂二火與此木干支有合化之情
桑柘木,Mulberry Wood,松柏木,Pine and Cypress Wood,+,welcomes,named,木喜庚寅辛卯為以弱就强
桑柘木,Mulberry Wood,大林木,Great Forest Wood,~,conditional,named,大林乃東南蠶食之位有土資生主大貴
桑柘木,Mulberry Wood,楊柳木,Willow Wood,+,welcomes,named,遇楊柳為桑柳成林亦是貴格
桑柘木,Mulberry Wood,石榴木,Pomegranate Wood,~,conditional,named,平地柏榴無土則凶
桑柘木,Mulberry Wood,平地木,Tree on Open Ground,~,conditional,named,平地柏榴無土則凶
桑柘木,Mulberry Wood,壁上土,Earth on the Wall,0,no effect,named,餘土無益
桑柘木,Mulberry Wood,城頭土,City Wall Earth,0,no effect,named,餘土無益
桑柘木,Mulberry Wood,砂中土,Earth in the Sand,+,welcomes,named,最愛砂土以為根基
桑柘木,Mulberry Wood,路傍土,Roadside Earth,+,welcomes,named,路傍大驛二土次吉
桑柘木,Mulberry Wood,大驛土,Great Road Earth,+,welcomes,named,路傍大驛二土次吉
桑柘木,Mulberry Wood,屋上土,Rooftop Earth,0,no effect,named,餘土無益
桑柘木,Mulberry Wood,澗下水,Water in the Ravine,~,conditional,named,長流溪澗井泉諸水皆可相依亦須先得土為基
桑柘木,Mulberry Wood,大溪水,Water of the Great Stream,~,conditional,named,長流溪澗井泉諸水皆可相依亦須先得土為基
桑柘木,Mulberry Wood,長流水,Long-Flowing Water,~,conditional,named,長流溪澗井泉諸水皆可相依亦須先得土為基
桑柘木,Mulberry Wood,天河水,Water of the Milky Way,+,welcomes,named,水喜天河為雨露之滋
桑柘木,Mulberry Wood,井泉水,Water in the Spring,~,conditional,named,長流溪澗井泉諸水皆可相依亦須先得土為基
桑柘木,Mulberry Wood,大海水,Water of the Great Sea,-,avoids,named,滄海水漂泛無定無土主夭
松柏木,Pine and Cypress Wood,海中金,Gold in the Sea,+,welcomes,named,金逢乙丑為印為山
松柏木,Pine and Cypress Wood,金泊金,Gold Foil Metal,+,welcomes,named,泊金就位自旺主吉
松柏木,Pine and Cypress Wood,劒鋒金,Sword-Edge Metal,~,conditional,named,劒鋒能削能斲更得壁土相成
松柏木,Pine and Cypress Wood,霹靂火,Thunderbolt Fire,~,conditional,named,霹火雖可滋生運加凡火主凶
松柏木,Pine and Cypress Wood,爐中火,Fire in the Furnace,-,avoids,named,最忌爐中就位相生
松柏木,Pine and Cypress Wood,覆燈火,Sheltered Lamp Fire,-,avoids,named,山頭山下太陽覆燈皆不可犯
松柏木,Pine and Cypress Wood,天上火,Fire in the Sky,-,avoids,named,山頭山下太陽覆燈皆不可犯
松柏木,Pine and Cypress Wood,山下火,Fire at the Foothill,-,avoids,named,山頭山下太陽覆燈皆不可犯
松柏木,Pine and Cypress Wood,山頭火,Hilltop Fire,-,avoids,named,山頭山下太陽覆燈皆不可犯
松柏木,Pine and Cypress Wood,桑柘木,Mulberry Wood,+,welcomes,named,桑柘癸丑為山可以相助
松柏木,Pine and Cypress Wood,松柏木,Pine and Cypress Wood,+,welcomes,named,松柏相資主貴
松柏木,Pine and Cypress Wood,大林木,Great Forest Wood,-,avoids,named,大林有風楊柳㑹火二木最忌
松柏木,Pine and Cypress Wood,楊柳木,Willow Wood,-,avoids,named,大林有風楊柳㑹火二木最忌
松柏木,Pine and Cypress Wood,石榴木,Pomegranate Wood,+,welcomes,named,石榴是辛酉金反化死木有造化却吉
松柏木,Pine and Cypress Wood,平地木,Tree on Open Ground,~,conditional,named,若柱有平地得屋土則為已成棟梁
松柏木,Pine and Cypress Wood,路傍土,Roadside Earth,~,conditional,named,土見路傍似無足貴若無死木其福還真
松柏木,Pine and Cypress Wood,大驛土,Great Road Earth,-,avoids,named,驛土無山貧夭
松柏木,Pine and Cypress Wood,屋上土,Rooftop Earth,~,conditional,named,若柱有平地得屋土則為已成棟梁
松柏木,Pine and Cypress Wood,澗下水,Water in the Ravine,+,welcomes,named,澗下丁丑屬山可為根基
松柏木,Pine and Cypress Wood,大溪水,Water of the Great Stream,~,conditional,named,大溪水有乙卯為雷可以發榮却嫌風霹
松柏木,Pine and Cypress Wood,天河水,Water of the Milky Way,+,welcomes,named,天河雨露之水可以滋潤
松柏木,Pine and Cypress Wood,大海水,Water of the Great Sea,~,conditional,named,大海水有山則吉癸亥清淨無山亦吉
大林木,Great Forest Wood,海中金,Gold in the Sea,~,conditional,named,海中有乙丑為山
大林木,Great Forest Wood,金泊金,Gold Foil Metal,-,avoids,element,諸金俱不宜見
大林木,Great Forest Wood,白鑞金,Soft Wax Metal,-,avoids,element,諸金俱不宜見
大林木,Great Forest Wood,砂中金,Gold in the Sand,-,avoids,element,諸金俱不宜見
大林木,Great Forest Wood,劒鋒金,Sword-Edge Metal,~,conditional,named,劒鋒得屋壁為本
大林木,Great Forest Wood,釵釧金,Hairpin and Bracelet Metal,-,avoids,element,諸金俱不宜見
大林木,Great Forest Wood,霹靂火,Thunderbolt Fire,~,conditional,named,霹靂太陽二火皆能長育運中遇之亦吉然二火嫌並見持勝須有土為根基方可
大林木,Great Forest Wood,覆燈火,Sheltered Lamp Fire,+,welcomes,named,燈火就位相生乙巳不如甲辰更吉
大林木,Great Forest Wood,天上火,Fire in the Sky,~,conditional,named,霹靂太陽二火皆能長育運中遇之亦吉然二火嫌並見持勝須有土為根基方可
大林木,Great Forest Wood,山頭火,Hilltop Fire,-,avoids,named,見甲戌乙亥燒之主凶夭
大林木,Great Forest Wood,桑柘木,Mulberry Wood,+,welcomes,named,木喜桑柘惟癸丑最妙
大林木,Great Forest Wood,松柏木,Pine and Cypress Wood,~,conditional,named,柱有癸丑而得松柏為密蔭最佳
大林木,Great Forest Wood,平地木,Tree on Open Ground,~,conditional,named,平地還須得路傍土
大林木,Great Forest Wood,壁上土,Earth on the Wall,~,conditional,named,壁屋二土再得劒金則大林之木取為棟梁成格最吉
大林木,Great Forest Wood,路傍土,Roadside Earth,+,welcomes,named,土遇路傍為負載
大林木,Great Forest Wood,屋上土,Rooftop Earth,~,conditional,named,壁屋二土再得劒金則大林之木取為棟梁成格最吉
大林木,Great Forest Wood,澗下水,Water in the Ravine,+,welcomes,named,澗下丁丑最吉丙子不如
大林木,Great Forest Wood,大溪水,Water of the Great Stream,-,avoids,named,溪海二水重見主貧夭有山稍得
大林木,Great Forest Wood,天河水,Water of the Milky Way,+,welcomes,named,戊辰見丁未為帶貴雖無土與山亦主有衣食
大林木,Great Forest Wood,大海水,Water of the Great Sea,~,conditional,named,玅選有蒼龍駕海格是戊辰見癸亥為貴
楊柳木,Willow Wood,海中金,Gold in the Sea,-,avoids,named,海鑞劒砂雖忌見之
楊柳木,Willow Wood,金泊金,Gold Foil Metal,+,welcomes,named,釵釧金泊却喜成功
楊柳木,Willow Wood,白鑞金,Soft Wax Metal,-,avoids,named,海鑞劒砂雖忌見之
楊柳木,Willow Wood,砂中金,Gold in the Sand,-,avoids,named,海鑞劒砂雖忌見之
楊柳木,Willow Wood,劒鋒金,Sword-Edge Metal,-,avoids,named,海鑞劒砂雖忌見之
楊柳木,Willow Wood,釵釧金,Hairpin and Bracelet Metal,+,welcomes,named,釵釧金泊却喜成功
楊柳木,Willow Wood,霹靂火,Thunderbolt Fire,~,conditional,named,陰陽交遇更有砂土為基主貴
楊柳木,Willow Wood,爐中火,Fire in the Furnace,+,welcomes,named,爐中寅卯本位木旺反吉
楊柳木,Willow Wood,覆燈火,Sheltered Lamp Fire,-,avoids,named,燈頭乙巳有風木折主凶
楊柳木,Willow Wood,桑柘木,Mulberry Wood,+,welcomes,named,桑柘癸丑為山作倚傍成林主吉
楊柳木,Willow Wood,松柏木,Pine and Cypress Wood,+,welcomes,named,見松柏木為脱體化神之格也主貴
楊柳木,Willow Wood,石榴木,Pomegranate Wood,~,conditional,named,庚申辛酉木旣死絶又逢金克以弱遇小其人必賤
楊柳木,Willow Wood,壁上土,Earth on the Wall,~,conditional,named,辛丑有山庚子不如
楊柳木,Willow Wood,城頭土,City Wall Earth,+,welcomes,named,戊寅雖吉己卯尤勝
楊柳木,Willow Wood,砂中土,Earth in the Sand,+,welcomes,named,此木根基惟喜砂土
楊柳木,Willow Wood,路傍土,Roadside Earth,-,avoids,named,路傍就位復值死墓
楊柳木,Willow Wood,大驛土,Great Road Earth,~,conditional,named,若見大驛有丑為山邊之驛稍可無丑獨見此土主夭賤
楊柳木,Willow Wood,屋上土,Rooftop Earth,~,conditional,named,壬午見丁亥丁壬合化則吉丙戌不如
楊柳木,Willow Wood,澗下水,Water in the Ravine,+,welcomes,named,水見井泉長流大溪澗下皆吉
楊柳木,Willow Wood,大溪水,Water of the Great Stream,+,welcomes,named,水見井泉長流大溪澗下皆吉
楊柳木,Willow Wood,長流水,Long-Flowing Water,+,welcomes,named,水見井泉長流大溪澗下皆吉
楊柳木,Willow Wood,天河水,Water of the Milky Way,-,avoids,named,此木至午未死墓壬午見之大凶
楊柳木,Willow Wood,井泉水,Water in the Spring,+,welcomes,named,水見井泉長流大溪澗下皆吉
石榴木,Pomegranate Wood,海中金,Gold in the Sea,~,conditional,named,海中乙丑為山更逢水助則吉
石榴木,Pomegranate Wood,金泊金,Gold Foil Metal,+,welcomes,named,謂之功侔造化格主大貴
石榴木,Pomegranate Wood,砂中金,Gold in the Sand,+,welcomes,named,見金砂中最吉
石榴木,Pomegranate Wood,劒鋒金,Sword-Edge Metal,-,avoids,named,劒鋒就位相克最凶
石榴木,Pomegranate Wood,霹靂火,Thunderbolt Fire,~,conditional,named,太陽霹靂二火雖喜不宜並見
石榴木,Pomegranate Wood,爐中火,Fire in the Furnace,~,conditional,named,爐中寅卯旺位本吉再加別火則凶
石榴木,Pomegranate Wood,天上火,Fire in the Sky,~,conditional,named,太陽霹靂二火雖喜不宜並見
石榴木,Pomegranate Wood,桑柘木,Mulberry Wood,+,welcomes,named,桑柘大林楊柳三木皆喜見之
石榴木,Pomegranate Wood,松柏木,Pine and Cypress Wood,+,welcomes,named,見松柏則强
石榴木,Pomegranate Wood,大林木,Great Forest Wood,+,welcomes,named,桑柘大林楊柳三木皆喜見之
石榴木,Pomegranate Wood,楊柳木,Willow Wood,+,welcomes,named,桑柘大林楊柳三木皆喜見之
石榴木,Pomegranate Wood,平地木,Tree on Open Ground,+,welcomes,named,見平地則大
石榴木,Pomegranate Wood,壁上土,Earth on the Wall,~,conditional,named,路壁驛砂四土有山助之亦吉
石榴木,Pomegranate Wood,城頭土,City Wall Earth,+,welcomes,named,城頭為上
石榴木,Pomegranate Wood,砂中土,Earth in the Sand,~,conditional,named,路壁驛砂四土有山助之亦吉
石榴木,Pomegranate Wood,路傍土,Roadside Earth,~,conditional,named,路壁驛砂四土有山助之亦吉
石榴木,Pomegranate Wood,大驛土,Great Road Earth,~,conditional,named,路壁驛砂四土有山助之亦吉
石榴木,Pomegranate Wood,屋上土,Rooftop Earth,+,welcomes,named,屋上次之
石榴木,Pomegranate Wood,澗下水,Water in the Ravine,+,welcomes,named,井泉溪澗清水澆灌
石榴木,Pomegranate Wood,大溪水,Water of the Great Stream,+,welcomes,named,井泉溪澗清水澆灌
石榴木,Pomegranate Wood,天河水,Water of the Milky Way,+,welcomes,named,水見天河雨露相滋
石榴木,Pomegranate Wood,井泉水,Water in the Spring,+,welcomes,named,井泉溪澗清水澆灌
石榴木,Pomegranate Wood,大海水,Water of the Great Sea,-,avoids,named,大海大泛濫非貧則夭
平地木,Tree on Open Ground,海中金,Gold in the Sea,0,no effect,named,餘金無用
平地木,Tree on Open Ground,金泊金,Gold Foil Metal,+,welcomes,named,泊金增飾光輝
平地木,Tree on Open Ground,白鑞金,Soft Wax Metal,0,no effect,named,餘金無用
平地木,Tree on Open Ground,砂中金,Gold in the Sand,0,no effect,named,餘金無用
平地木,Tree on Open Ground,劒鋒金,Sword-Edge Metal,~,conditional,named,此已成之木不宜劒金有木相資則可
平地木,Tree on Open Ground,釵釧金,Hairpin and Bracelet Metal,0,no effect,named,餘金無用
平地木,Tree on Open Ground,霹靂火,Thunderbolt Fire,+,welcomes,named,火愛太陽霹靂最為顯耀
平地木,Tree on Open Ground,爐中火,Fire in the Furnace,~,conditional,named,爐中遇水則福
平地木,Tree on Open Ground,覆燈火,Sheltered Lamp Fire,~,conditional,named,燈頭無風則固
平地木,Tree on Open Ground,天上火,Fire in the Sky,+,welcomes,named,火愛太陽霹靂最為顯耀
平地木,Tree on Open Ground,山下火,Fire at the Foothill,~,conditional,named,餘火無水則凶
平地木,Tree on Open Ground,山頭火,Hilltop Fire,~,conditional,named,餘火無水則凶
平地木,Tree on Open Ground,桑柘木,Mulberry Wood,+,welcomes,named,桑柘癸丑最吉
平地木,Tree on Open Ground,松柏木,Pine and Cypress Wood,+,welcomes,named,松柏木倚輔平地為棟梁
平地木,Tree on Open Ground,大林木,Great Forest Wood,-,avoids,named,木見大林有風動搖主壽促
平地木,Tree on Open Ground,壁上土,Earth on the Wall,+,welcomes,named,屋壁城頭三土以此木相資
平地木,Tree on Open Ground,城頭土,City Wall Earth,+,welcomes,named,屋壁城頭三土以此木相資
平地木,Tree on Open Ground,砂中土,Earth in the Sand,-,avoids,named,砂驛無用日時見之主災夭
平地木,Tree on Open Ground,路傍土,Roadside Earth,+,welcomes,named,土愛路傍為正格
平地木,Tree on Open Ground,大驛土,Great Road Earth,-,avoids,named,砂驛無用日時見之主災夭
平地木,Tree on Open Ground,屋上土,Rooftop Earth,+,welcomes,named,屋壁城頭三土以此木相資
平地木,Tree on Open Ground,澗下水,Water in the Ravine,+,welcomes,named,井泉澗下雖吉
平地木,Tree on Open Ground,大溪水,Water of the Great Stream,~,conditional,named,溪海無山俱凶
平地木,Tree on Open Ground,天河水,Water of the Milky Way,+,welcomes,named,水見天河為潤澤主吉
平地木,Tree on Open Ground,井泉水,Water in the Spring,+,welcomes,named,井泉澗下雖吉
平地木,Tree on Open Ground,大海水,Water of the Great Sea,~,conditional,named,溪海無山俱凶
壁上土,Earth on the Wall,海中金,Gold in the Sea,0,no effect,named,餘金無用
壁上土,Earth on the Wall,金泊金,Gold Foil Metal,+,welcomes,named,諸金惟愛泊金
壁上土,Earth on the Wall,白鑞金,Soft Wax Metal,0,no effect,named,餘金無用
壁上土,Earth on the Wall,砂中金,Gold in the Sand,0,no effect,named,餘金無用
壁上土,Earth on the Wall,劒鋒金,Sword-Edge Metal,-,avoids,named,劒金傷害
壁上土,Earth on the Wall,釵釧金,Hairpin and Bracelet Metal,0,no effect,named,餘金無用
壁上土,Earth on the Wall,霹靂火,Thunderbolt Fire,-,avoids,named,太陽霹靂雖云照耀到底蹇危
壁上土,Earth on the Wall,爐中火,Fire in the Furnace,-,avoids,element,見火全無造化
壁上土,Earth on the Wall,覆燈火,Sheltered Lamp Fire,-,avoids,element,見火全無造化
壁上土,Earth on the Wall,天上火,Fire in the Sky,-,avoids,named,太陽霹靂雖云照耀到底蹇危
壁上土,Earth on the Wall,山下火,Fire at the Foothill,-,avoids,element,見火全無造化
壁上土,Earth on the Wall,山頭火,Hilltop Fire,-,avoids,element,見火全無造化
壁上土,Earth on the Wall,桑柘木,Mulberry Wood,+,welcomes,element,凡見木皆可為主
壁上土,Earth on the Wall,松柏木,Pine and Cypress Wood,+,welcomes,named,庚寅辛卯亦是棟梁
壁上土,Earth on the Wall,大林木,Great Forest Wood,~,conditional,named,大林有風若無承載之土加凡火主作事難成
壁上土,Earth on the Wall,楊柳木,Willow Wood,+,welcomes,element,凡見木皆可為主
壁上土,Earth on the Wall,石榴木,Pomegranate Wood,+,welcomes,element,凡見木皆可為主
壁上土,Earth on the Wall,平地木,Tree on Open Ground,+,welcomes,named,非平地何以為靠
壁上土,Earth on the Wall,城頭土,City Wall Earth,+,welcomes,named,屋上城頭可以護身皆吉
壁上土,Earth on the Wall,路傍土,Roadside Earth,+,welcomes,named,土愛路傍謂之負載
壁上土,Earth on the Wall,屋上土,Rooftop Earth,+,welcomes,named,屋上城頭可以護身皆吉
壁上土,Earth on the Wall,天河水,Water of the Milky Way,+,welcomes,named,天上雨露亦吉
壁上土,Earth on the Wall,井泉水,Water in the Spring,+,welcomes,named,水見甲申為最吉乙酉次之
壁上土,Earth on the Wall,大海水,Water of the Great Sea,-,avoids,named,大海漂泛此土何安
城頭土,City Wall Earth,海中金,Gold in the Sea,0,no effect,named,餘金無用
城頭土,City Wall Earth,金泊金,Gold Foil Metal,0,no effect,named,餘金無用
城頭土,City Wall Earth,白鑞金,Soft Wax Metal,~,conditional,named,只有白鑞怕巽二者相妨
城頭土,City Wall Earth,砂中金,Gold in the Sand,0,no effect,named,餘金無用
城頭土,City Wall Earth,劒鋒金,Sword-Edge Metal,0,no effect,named,餘金無用
城頭土,City Wall Earth,釵釧金,Hairpin and Bracelet Metal,0,no effect,named,餘金無用
城頭土,City Wall Earth,霹靂火,Thunderbolt Fire,-,avoids,named,惟忌霹靂
城頭土,City Wall Earth,爐中火,Fire in the Furnace,~,conditional,element,若無路傍為未成之土必須用火
城頭土,City Wall Earth,覆燈火,Sheltered Lamp Fire,~,conditional,element,若無路傍為未成之土必須用火
城頭土,City Wall Earth,天上火,Fire in the Sky,~,conditional,element,若無路傍為未成之土必須用火
城頭土,City Wall Earth,山下火,Fire at the Foothill,~,conditional,element,若無路傍為未成之土必須用火
城頭土,City Wall Earth,山頭火,Hilltop Fire,~,conditional,element,若無路傍為未成之土必須用火
城頭土,City Wall Earth,桑柘木,Mulberry Wood,+,welcomes,named,桑柘癸丑為上壬子次之
城頭土,City Wall Earth,松柏木,Pine and Cypress Wood,-,avoids,named,庚寅辛卯就位相克則城崩不寧
城頭土,City Wall Earth,楊柳木,Willow Wood,~,conditional,named,楊柳癸未最佳壬午則忌
城頭土,City Wall Earth,路傍土,Roadside Earth,+,welcomes,named,凡遇見路傍為己成之土不必用火
城頭土,City Wall Earth,大驛土,Great Road Earth,~,conditional,named,大驛逢山須作貴觀若獨見無根本貧夭孤寒
城頭土,City Wall Earth,澗下水,Water in the Ravine,+,welcomes,named,甲申丁丑俱吉
城頭土,City Wall Earth,天河水,Water of the Milky Way,+,welcomes,named,天河滋助亦吉
城頭土,City Wall Earth,井泉水,Water in the Spring,+,welcomes,named,甲申丁丑俱吉
城頭土,City Wall Earth,大海水,Water of the Great Sea,~,conditional,named,大海壬戌不忌
砂中土,Earth in the Sand,金泊金,Gold Foil Metal,+,welcomes,named,釵砂劒泊此四金清秀相助
砂中土,Earth in the Sand,砂中金,Gold in the Sand,+,welcomes,named,釵砂劒泊此四金清秀相助
砂中土,Earth in the Sand,劒鋒金,Sword-Edge Metal,+,welcomes,named,釵砂劒泊此四金清秀相助
砂中土,Earth in the Sand,釵釧金,Hairpin and Bracelet Metal,+,welcomes,named,釵砂劒泊此四金清秀相助
砂中土,Earth in the Sand,爐中火,Fire in the Furnace,~,conditional,named,山頭山下爐中覆燈諸火若無水濟主壽夭
砂中土,Earth in the Sand,覆燈火,Sheltered Lamp Fire,~,conditional,named,山頭山下爐中覆燈諸火若無水濟主壽夭
砂中土,Earth in the Sand,天上火,Fire in the Sky,+,welcomes,named,火喜太陽
砂中土,Earth in the Sand,山下火,Fire at the Foothill,~,conditional,named,山頭山下爐中覆燈諸火若無水濟主壽夭
砂中土,Earth in the Sand,山頭火,Hilltop Fire,~,conditional,named,山頭山下爐中覆燈諸火若無水濟主壽夭
砂中土,Earth in the Sand,桑柘木,Mulberry Wood,+,welcomes,named,木愛桑柘楊柳
砂中土,Earth in the Sand,楊柳木,Willow Wood,+,welcomes,named,木愛桑柘楊柳
砂中土,Earth in the Sand,壁上土,Earth on the Wall,-,avoids,named,餘土尤不為吉
砂中土,Earth in the Sand,城頭土,City Wall Earth,-,avoids,named,餘土尤不為吉
砂中土,Earth in the Sand,路傍土,Roadside Earth,~,conditional,named,路傍安身有金木資生亦主福慶
砂中土,Earth in the Sand,大驛土,Great Road Earth,-,avoids,named,大驛往來最不宜見
砂中土,Earth in the Sand,屋上土,Rooftop Earth,-,avoids,named,餘土尤不為吉
砂中土,Earth in the Sand,澗下水,Water in the Ravine,+,welcomes,named,水以井澗清潔為吉
砂中土,Earth in the Sand,大溪水,Water of the Great Stream,0,no effect,named,餘水無用
砂中土,Earth in the Sand,長流水,Long-Flowing Water,0,no effect,named,餘水無用
砂中土,Earth in the Sand,天河水,Water of the Milky Way,0,no effect,named,餘水無用
砂中土,Earth in the Sand,井泉水,Water in the Spring,+,welcomes,named,水以井澗清潔為吉
砂中土,Earth in the Sand,大海水,Water of the Great Sea,~,conditional,named,日時有海水便壞造化癸亥輕清丙人見之限運逢亦主顯榮
路傍土,Roadside Earth,海中金,Gold in the Sea,~,conditional,named,乙丑海金可為山論若得天河清水助之
路傍土,Roadside Earth,砂中金,Gold in the Sand,+,welcomes,named,釵釧砂中二金可以滋助
路傍土,Roadside Earth,釵釧金,Hairpin and Bracelet Metal,+,welcomes,named,釵釧砂中二金可以滋助
路傍土,Roadside Earth,霹靂火,Thunderbolt Fire,+,welcomes,named,庚午見己丑貴祿交穿
路傍土,Roadside Earth,爐中火,Fire in the Furnace,-,avoids,named,爐中火亦燥亦主妨壽
路傍土,Roadside Earth,覆燈火,Sheltered Lamp Fire,~,conditional,named,燈頭有屋土方應造化
路傍土,Roadside Earth,天上火,Fire in the Sky,~,conditional,named,天上火就位相生太燥則土反不能生物有水潤之始得
路傍土,Roadside Earth,松柏木,Pine and Cypress Wood,+,welcomes,named,只有庚寅木此土逢之大好
路傍土,Roadside Earth,大林木,Great Forest Wood,-,avoids,named,大林不能勝載
路傍土,Roadside Earth,壁上土,Earth on the Wall,+,welcomes,named,如逢土位見丙辰丙戌辛丑辛未皆吉
路傍土,Roadside Earth,砂中土,Earth in the Sand,+,welcomes,named,如逢土位見丙辰丙戌辛丑辛未皆吉
路傍土,Roadside Earth,路傍土,Roadside Earth,+,welcomes,named,如逢土位見丙辰丙戌辛丑辛未皆吉
路傍土,Roadside Earth,屋上土,Rooftop Earth,+,welcomes,named,如逢土位見丙辰丙戌辛丑辛未皆吉
路傍土,Roadside Earth,澗下水,Water in the Ravine,+,welcomes,named,澗下庚午見丁丑貴祿交馳
路傍土,Roadside Earth,大溪水,Water of the Great Stream,+,welcomes,named,大溪乙卯為雷能發生此土
路傍土,Roadside Earth,長流水,Long-Flowing Water,-,avoids,named,長流大海二水以其不能澆灌此土故最忌之
路傍土,Roadside Earth,天河水,Water of the Milky Way,+,welcomes,named,天上水雨露相滋
路傍土,Roadside Earth,井泉水,Water in the Spring,+,welcomes,named,如庚午見甲申辛未見乙酉為祿
路傍土,Roadside Earth,大海水,Water of the Great Sea,-,avoids,named,長流大海二水以其不能澆灌此土故最忌之
大驛土,Great Road Earth,金泊金,Gold Foil Metal,+,welcomes,named,釵釧得辛亥金泊得壬寅戊申遇之
大驛土,Great Road Earth,砂中金,Gold in the Sand,+,welcomes,named,砂金造化亦同
大驛土,Great Road Earth,劒鋒金,Sword-Edge Metal,~,conditional,named,劒金須候木得用不然無益
大驛土,Great Road Earth,釵釧金,Hairpin and Bracelet Metal,+,welcomes,named,釵釧得辛亥金泊得壬寅戊申遇之
大驛土,Great Road Earth,霹靂火,Thunderbolt Fire,+,welcomes,named,火見太陽霹靂謂之聖火最能發生此土
大驛土,Great Road Earth,爐中火,Fire in the Furnace,~,conditional,named,其餘凡火再逢木生之更燥主凶夭
大驛土,Great Road Earth,覆燈火,Sheltered Lamp Fire,~,conditional,named,其餘凡火再逢木生之更燥主凶夭
大驛土,Great Road Earth,天上火,Fire in the Sky,+,welcomes,named,火見太陽霹靂謂之聖火最能發生此土
大驛土,Great Road Earth,山下火,Fire at the Foothill,~,conditional,named,其餘凡火再逢木生之更燥主凶夭
大驛土,Great Road Earth,山頭火,Hilltop Fire,~,conditional,named,其餘凡火再逢木生之更燥主凶夭
大驛土,Great Road Earth,桑柘木,Mulberry Wood,+,welcomes,element,别木則吉
大驛土,Great Road Earth,松柏木,Pine and Cypress Wood,+,welcomes,element,别木則吉
大驛土,Great Road Earth,大林木,Great Forest Wood,-,avoids,named,大林合中逢衝主夭
大驛土,Great Road Earth,楊柳木,Willow Wood,+,welcomes,element,别木則吉
大驛土,Great Road Earth,石榴木,Pomegranate Wood,+,welcomes,element,别木則吉
大驛土,Great Road Earth,平地木,Tree on Open Ground,+,welcomes,element,别木則吉
大驛土,Great Road Earth,壁上土,Earth on the Wall,-,avoids,named,屋上壁上砂中縱先得木亦為冺絶
大驛土,Great Road Earth,城頭土,City Wall Earth,~,conditional,named,城頭有水稍吉
大驛土,Great Road Earth,砂中土,Earth in the Sand,-,avoids,named,屋上壁上砂中縱先得木亦為冺絶
大驛土,Great Road Earth,路傍土,Roadside Earth,+,welcomes,named,五行見土惟路傍最宜
大驛土,Great Road Earth,屋上土,Rooftop Earth,-,avoids,named,屋上壁上砂中縱先得木亦為冺絶
大驛土,Great Road Earth,澗下水,Water in the Ravine,+,welcomes,named,井泉澗下二水清貴不燥
大驛土,Great Road Earth,大溪水,Water of the Great Stream,+,welcomes,named,大溪乙卯為東震發生之義單見亦吉
大驛土,Great Road Earth,長流水,Long-Flowing Water,~,conditional,named,長流戊申見癸巳己酉見壬辰亦吉多逢則不寧靜
大驛土,Great Road Earth,天河水,Water of the Milky Way,+,welcomes,named,天河丙午而己酉得之
大驛土,Great Road Earth,井泉水,Water in the Spring,+,welcomes,named,井泉澗下二水清貴不燥
大驛土,Great Road Earth,大海水,Water of the Great Sea,~,conditional,named,海水對穿土不能勝日時遇主夭
屋上土,Rooftop Earth,海中金,Gold in the Sea,0,no effect,named,餘金無用
屋上土,Rooftop Earth,金泊金,Gold Foil Metal,+,welcomes,named,泊金有粉飾之用亦吉
屋上土,Rooftop Earth,白鑞金,Soft Wax Metal,0,no effect,named,餘金無用
屋上土,Rooftop Earth,砂中金,Gold in the Sand,0,no effect,named,餘金無用
屋上土,Rooftop Earth,劒鋒金,Sword-Edge Metal,+,welcomes,named,金惟劒鋒釵釧最吉
屋上土,Rooftop Earth,釵釧金,Hairpin and Bracelet Metal,+,welcomes,named,金惟劒鋒釵釧最吉
屋上土,Rooftop Earth,霹靂火,Thunderbolt Fire,+,welcomes,named,太陽霹靂可取相資
屋上土,Rooftop Earth,爐中火,Fire in the Furnace,-,avoids,named,爐中丙寅最凶丁卯稍可
屋上土,Rooftop Earth,覆燈火,Sheltered Lamp Fire,+,welcomes,named,燈頭丙戌見乙巳為上
屋上土,Rooftop Earth,天上火,Fire in the Sky,+,welcomes,named,太陽霹靂可取相資
屋上土,Rooftop Earth,山下火,Fire at the Foothill,-,avoids,named,山下山頭有木生之則禍
屋上土,Rooftop Earth,山頭火,Hilltop Fire,-,avoids,named,山下山頭有木生之則禍
屋上土,Rooftop Earth,大林木,Great Forest Wood,+,welcomes,named,大林次之
屋上土,Rooftop Earth,平地木,Tree on Open Ground,+,welcomes,named,平地為上
屋上土,Rooftop Earth,壁上土,Earth on the Wall,+,welcomes,named,壁土亦宜
屋上土,Rooftop Earth,砂中土,Earth in the Sand,~,conditional,named,砂土獨丁巳不妨
屋上土,Rooftop Earth,路傍土,Roadside Earth,+,welcomes,named,如丙戌得辛未丁亥得庚午陰陽互見更假木為基主貴
屋上土,Rooftop Earth,澗下水,Water in the Ravine,+,welcomes,named,水宜天河井泉澗下皆吉
屋上土,Rooftop Earth,大溪水,Water of the Great Stream,~,conditional,named,溪流無木多夭
屋上土,Rooftop Earth,天河水,Water of the Milky Way,+,welcomes,named,水宜天河井泉澗下皆吉
屋上土,Rooftop Earth,井泉水,Water in the Spring,+,welcomes,named,水宜天河井泉澗下皆吉
屋上土,Rooftop Earth,大海水,Water of the Great Sea,~,conditional,named,大海無山則不宜見
澗下水,Water in the Ravine,砂中金,Gold in the Sand,+,welcomes,named,砂中劒鋒二金最宜
澗下水,Water in the Ravine,劒鋒金,Sword-Edge Metal,+,welcomes,named,砂中劒鋒二金最宜
澗下水,Water in the Ravine,釵釧金,Hairpin and Bracelet Metal,~,conditional,named,釵釧庚戌丁丑不宜
澗下水,Water in the Ravine,霹靂火,Thunderbolt Fire,-,avoids,named,霹靂就位相爭最所不宜
澗下水,Water in the Ravine,天上火,Fire in the Sky,~,conditional,named,火見太陽雖炎中間有旣濟未濟之論
澗下水,Water in the Ravine,山下火,Fire at the Foothill,+,welcomes,named,山下山頭亦吉
澗下水,Water in the Ravine,山頭火,Hilltop Fire,+,welcomes,named,山下山頭亦吉
澗下水,Water in the Ravine,砂中土,Earth in the Sand,~,conditional,named,砂中屋上二土其氣稍清
澗下水,Water in the Ravine,路傍土,Roadside Earth,-,avoids,named,路傍大驛則濁甚矣主財散禍生
澗下水,Water in the Ravine,大驛土,Great Road Earth,-,avoids,named,路傍大驛則濁甚矣主財散禍生
澗下水,Water in the Ravine,屋上土,Rooftop Earth,~,conditional,named,砂中屋上二土其氣稍清
澗下水,Water in the Ravine,大溪水,Water of the Great Stream,-,avoids,named,大溪性急長流不靜皆不為吉
澗下水,Water in the Ravine,長流水,Long-Flowing Water,-,avoids,named,大溪性急長流不靜皆不為吉
澗下水,Water in the Ravine,天河水,Water of the Milky Way,+,welcomes,named,見天河為引凡入聖
澗下水,Water in the Ravine,大海水,Water of the Great Sea,+,welcomes,named,見大海為福貴朝宗
大溪水,Water of the Great Stream,海中金,Gold in the Sea,+,welcomes,named,乃歸源之地亦吉
大溪水,Water of the Great Stream,金泊金,Gold Foil Metal,0,no effect,named,泊金最微不能相生
大溪水,Water of the Great Stream,白鑞金,Soft Wax Metal,+,welcomes,named,鑞金亦清
大溪水,Water of the Great Stream,砂中金,Gold in the Sand,+,welcomes,named,惟釵砂最宜
大溪水,Water of the Great Stream,劒鋒金,Sword-Edge Metal,~,conditional,named,劒金雖化於大溪却忌卯雷巽風
大溪水,Water of the Great Stream,釵釧金,Hairpin and Bracelet Metal,+,welcomes,named,惟釵砂最宜
大溪水,Water of the Great Stream,霹靂火,Thunderbolt Fire,-,avoids,named,霹靂尤忌相逢
大溪水,Water of the Great Stream,天上火,Fire in the Sky,~,conditional,named,火見太陽雖假照燿
大溪水,Water of the Great Stream,桑柘木,Mulberry Wood,+,welcomes,named,惟桑柘木壬子有坎癸丑為山為水遶山環之貴
大溪水,Water of the Great Stream,松柏木,Pine and Cypress Wood,-,avoids,element,木見此水徒被漂蕩
大溪水,Water of the Great Stream,大林木,Great Forest Wood,-,avoids,element,木見此水徒被漂蕩
大溪水,Water of the Great Stream,楊柳木,Willow Wood,-,avoids,element,木見此水徒被漂蕩
大溪水,Water of the Great Stream,石榴木,Pomegranate Wood,-,avoids,element,木見此水徒被漂蕩
大溪水,Water of the Great Stream,平地木,Tree on Open Ground,-,avoids,element,木見此水徒被漂蕩
大溪水,Water of the Great Stream,壁上土,Earth on the Wall,~,conditional,named,壁上獨辛丑為山
大溪水,Water of the Great Stream,城頭土,City Wall Earth,-,avoids,named,屋上城頭壅阻此水
大溪水,Water of the Great Stream,砂中土,Earth in the Sand,0,no effect,element,五行有土皆為無益
大溪水,Water of the Great Stream,路傍土,Roadside Earth,0,no effect,named,路傍稍可亦不為奇
大溪水,Water of the Great Stream,大驛土,Great Road Earth,~,conditional,named,大驛惟己酉有合
大溪水,Water of the Great Stream,屋上土,Rooftop Earth,-,avoids,named,屋上城頭壅阻此水
大溪水,Water of the Great Stream,澗下水,Water in the Ravine,+,welcomes,named,此四水皆吉
大溪水,Water of the Great Stream,長流水,Long-Flowing Water,-,avoids,named,長流有風獨不宜見
大溪水,Water of the Great Stream,天河水,Water of the Milky Way,+,welcomes,named,此四水皆吉
大溪水,Water of the Great Stream,井泉水,Water in the Spring,+,welcomes,named,此四水皆吉
大溪水,Water of the Great Stream,大海水,Water of the Great Sea,+,welcomes,named,此四水皆吉
長流水,Long-Flowing Water,海中金,Gold in the Sea,0,no effect,named,海中砂中無取
長流水,Long-Flowing Water,金泊金,Gold Foil Metal,+,welcomes,named,劒鋒純是金水泊金水木居東皆以吉論
長流水,Long-Flowing Water,白鑞金,Soft Wax Metal,+,welcomes,named,金要白鑞釵釧
長流水,Long-Flowing Water,砂中金,Gold in the Sand,0,no effect,named,海中砂中無取
長流水,Long-Flowing Water,劒鋒金,Sword-Edge Metal,+,welcomes,named,劒鋒純是金水泊金水木居東皆以吉論
長流水,Long-Flowing Water,釵釧金,Hairpin and Bracelet Metal,+,welcomes,named,金要白鑞釵釧
長流水,Long-Flowing Water,覆燈火,Sheltered Lamp Fire,~,conditional,named,燈頭癸巳尤喜見甲辰
長流水,Long-Flowing Water,山頭火,Hilltop Fire,~,conditional,named,山頭壬辰尤喜遇乙亥
長流水,Long-Flowing Water,桑柘木,Mulberry Wood,+,welcomes,named,桑柘癸丑為山
長流水,Long-Flowing Water,松柏木,Pine and Cypress Wood,+,welcomes,named,松柏石榴天干有金相生
長流水,Long-Flowing Water,大林木,Great Forest Wood,~,conditional,named,大林平地雖嫌有土而癸巳見戊辰壬辰見己亥俱吉
長流水,Long-Flowing Water,楊柳木,Willow Wood,+,welcomes,named,楊柳癸未為園
長流水,Long-Flowing Water,石榴木,Pomegranate Wood,+,welcomes,named,松柏石榴天干有金相生
長流水,Long-Flowing Water,平地木,Tree on Open Ground,~,conditional,named,大林平地雖嫌有土而癸巳見戊辰壬辰見己亥俱吉
長流水,Long-Flowing Water,壁上土,Earth on the Wall,~,conditional,element,六土之中取庚辛丙丁為吉戊己無用
長流水,Long-Flowing Water,城頭土,City Wall Earth,~,conditional,element,六土之中取庚辛丙丁為吉戊己無用
長流水,Long-Flowing Water,砂中土,Earth in the Sand,~,conditional,element,六土之中取庚辛丙丁為吉戊己無用
長流水,Long-Flowing Water,路傍土,Roadside Earth,~,conditional,element,六土之中取庚辛丙丁為吉戊己無用
長流水,Long-Flowing Water,大驛土,Great Road Earth,~,conditional,element,六土之中取庚辛丙丁為吉戊己無用
長流水,Long-Flowing Water,屋上土,Rooftop Earth,~,conditional,element,六土之中取庚辛丙丁為吉戊己無用
長流水,Long-Flowing Water,澗下水,Water in the Ravine,+,welcomes,named,澗下則丁壬合化
長流水,Long-Flowing Water,大溪水,Water of the Great Stream,0,no effect,named,井泉大溪無益
長流水,Long-Flowing Water,長流水,Long-Flowing Water,~,conditional,named,再見壬辰則刑刑則自害
長流水,Long-Flowing Water,天河水,Water of the Milky Way,+,welcomes,named,天上則雨露相資
長流水,Long-Flowing Water,井泉水,Water in the Spring,0,no effect,named,井泉大溪無益
長流水,Long-Flowing Water,大海水,Water of the Great Sea,+,welcomes,named,海乃衆流所歸
天河水,Water of the Milky Way,海中金,Gold in the Sea,0,no effect,element,見金難益
天河水,Water of the Milky Way,金泊金,Gold Foil Metal,0,no effect,element,見金難益
天河水,Water of the Milky Way,白鑞金,Soft Wax Metal,0,no effect,element,見金難益
天河水,Water of the Milky Way,砂中金,Gold in the Sand,0,no effect,element,見金難益
天河水,Water of the Milky Way,劒鋒金,Sword-Edge Metal,0,no effect,element,見金難益
天河水,Water of the Milky Way,釵釧金,Hairpin and Bracelet Metal,+,welcomes,named,獨辛亥釵金却屬乾天水在天上只此最吉
天河水,Water of the Milky Way,霹靂火,Thunderbolt Fire,+,welcomes,named,火喜霹靂
天河水,Water of the Milky Way,爐中火,Fire in the Furnace,~,conditional,named,柱中得二火二水上下相濟
天河水,Water of the Milky Way,覆燈火,Sheltered Lamp Fire,~,conditional,named,燈頭有風山頭有貴皆以吉論又須以別水濟之方吉
天河水,Water of the Milky Way,天上火,Fire in the Sky,-,avoids,named,天上就位相克則忌見之
天河水,Water of the Milky Way,山頭火,Hilltop Fire,~,conditional,named,燈頭有風山頭有貴皆以吉論又須以別水濟之方吉
天河水,Water of the Milky Way,松柏木,Pine and Cypress Wood,~,conditional,named,松柏石榴遇丙辛合化亦以吉論
天河水,Water of the Milky Way,大林木,Great Forest Wood,+,welcomes,named,大林有巽
天河水,Water of the Milky Way,楊柳木,Willow Wood,+,welcomes,named,木石榴楊柳俱吉
天河水,Water of the Milky Way,石榴木,Pomegranate Wood,+,welcomes,named,木石榴楊柳俱吉
天河水,Water of the Milky Way,平地木,Tree on Open Ground,+,welcomes,named,平地有亥亦吉
天河水,Water of the Milky Way,壁上土,Earth on the Wall,-,avoids,named,壁上地支對衝亦壞造化
天河水,Water of the Milky Way,城頭土,City Wall Earth,0,no effect,named,城頭大驛無用
天河水,Water of the Milky Way,砂中土,Earth in the Sand,+,welcomes,named,餘土如砂中屋上皆吉
天河水,Water of the Milky Way,路傍土,Roadside Earth,-,avoids,named,柱逢庚午辛未就位相克土壅水滯
天河水,Water of the Milky Way,大驛土,Great Road Earth,0,no effect,named,城頭大驛無用
天河水,Water of the Milky Way,屋上土,Rooftop Earth,+,welcomes,named,餘土如砂中屋上皆吉
天河水,Water of the Milky Way,大溪水,Water of the Great Stream,+,welcomes,named,大溪乙卯為雷井泉己酉為貴俱以吉論
天河水,Water of the Milky Way,長流水,Long-Flowing Water,+,welcomes,named,水喜長流大海
天河水,Water of the Milky Way,井泉水,Water in the Spring,+,welcomes,named,大溪乙卯為雷井泉己酉為貴俱以吉論
天河水,Water of the Milky Way,大海水,Water of the Great Sea,+,welcomes,named,水喜長流大海
井泉水,Water in the Spring,海中金,Gold in the Sea,~,conditional,named,海金無取乙丑為艮山下出泉亦吉
井泉水,Water in the Spring,白鑞金,Soft Wax Metal,-,avoids,named,鑞金與釵金相衝故不宜再見
井泉水,Water in the Spring,砂中金,Gold in the Sand,+,welcomes,named,砂中有土性與之最宜
井泉水,Water in the Spring,劒鋒金,Sword-Edge Metal,-,avoids,named,劒鋒申酉太旺恐有泛濫之災
井泉水,Water in the Spring,釵釧金,Hairpin and Bracelet Metal,+,welcomes,named,釵釧清秀次之
井泉水,Water in the Spring,霹靂火,Thunderbolt Fire,+,welcomes,named,霹靂名為入聖太陽號為顯照二火相見最吉
井泉水,Water in the Spring,天上火,Fire in the Sky,+,welcomes,named,霹靂名為入聖太陽號為顯照二火相見最吉
井泉水,Water in the Spring,桑柘木,Mulberry Wood,0,no effect,named,桑柘楊柳無用
井泉水,Water in the Spring,松柏木,Pine and Cypress Wood,+,welcomes,named,松柏則互換歸祿此其最吉
井泉水,Water in the Spring,大林木,Great Forest Wood,~,conditional,named,如見平地大林須假劒金削之方可取用
井泉水,Water in the Spring,楊柳木,Willow Wood,0,no effect,named,桑柘楊柳無用
井泉水,Water in the Spring,石榴木,Pomegranate Wood,+,welcomes,element,故見木皆吉
井泉水,Water in the Spring,平地木,Tree on Open Ground,~,conditional,named,如見平地大林須假劒金削之方可取用
井泉水,Water in the Spring,壁上土,Earth on the Wall,0,no effect,named,城頭壁上與此水則無干涉
井泉水,Water in the Spring,城頭土,City Wall Earth,0,no effect,named,城頭壁上與此水則無干涉
井泉水,Water in the Spring,砂中土,Earth in the Sand,+,welcomes,named,諸土路傍砂中最吉
井泉水,Water in the Spring,路傍土,Roadside Earth,+,welcomes,named,諸土路傍砂中最吉
井泉水,Water in the Spring,大驛土,Great Road Earth,-,avoids,named,大驛就位相克水為土掩則井渫不食
井泉水,Water in the Spring,屋上土,Rooftop Earth,+,welcomes,named,屋上有天門生水之源亦吉
井泉水,Water in the Spring,澗下水,Water in the Ravine,0,no effect,named,天上澗下長流亦不為災
井泉水,Water in the Spring,大溪水,Water of the Great Stream,+,welcomes,named,大溪甲寅乙卯為吉
井泉水,Water in the Spring,長流水,Long-Flowing Water,0,no effect,named,天上澗下長流亦不為災
井泉水,Water in the Spring,天河水,Water of the Milky Way,0,no effect,named,天上澗下長流亦不為災
井泉水,Water in the Spring,井泉水,Water in the Spring,+,welcomes,named,如甲申見乙酉乙酉見甲申官星互換最吉
井泉水,Water in the Spring,大海水,Water of the Great Sea,+,welcomes,named,水喜大海為引凡入聖
大海水,Water of the Great Sea,海中金,Gold in the Sea,+,welcomes,named,諸金獨海中第一
大海水,Water of the Great Sea,砂中金,Gold in the Sand,+,welcomes,named,砂中亦得
大海水,Water of the Great Sea,霹靂火,Thunderbolt Fire,~,conditional,named,霹靂己丑為山戊癸合化柱得木火旺地亦吉
大海水,Water of the Great Sea,覆燈火,Sheltered Lamp Fire,-,avoids,named,山下山頭覆燈諸火不宜
大海水,Water of the Great Sea,天上火,Fire in the Sky,+,welcomes,named,火喜天上與海水相為照耀最吉
大海水,Water of the Great Sea,山下火,Fire at the Foothill,-,avoids,named,山下山頭覆燈諸火不宜
大海水,Water of the Great Sea,山頭火,Hilltop Fire,-,avoids,named,山下山頭覆燈諸火不宜
大海水,Water of the Great Sea,桑柘木,Mulberry Wood,+,welcomes,named,見木惟壬子癸丑壬午癸未俱吉
大海水,Water of the Great Sea,松柏木,Pine and Cypress Wood,~,conditional,named,松柏石榴若無土制則漂泊無定
大海水,Water of the Great Sea,大林木,Great Forest Wood,-,avoids,named,大林有風衝動水性不安
大海水,Water of the Great Sea,楊柳木,Willow Wood,+,welcomes,named,見木惟壬子癸丑壬午癸未俱吉
大海水,Water of the Great Sea,石榴木,Pomegranate Wood,~,conditional,named,松柏石榴若無土制則漂泊無定
大海水,Water of the Great Sea,平地木,Tree on Open Ground,+,welcomes,named,平地厚載則就位相得
大海水,Water of the Great Sea,城頭土,City Wall Earth,~,conditional,named,城頭己卯須資艮則吉
大海水,Water of the Great Sea,路傍土,Roadside Earth,+,welcomes,named,土愛路傍大驛惟此二土足以振之
大海水,Water of the Great Sea,大驛土,Great Road Earth,+,welcomes,named,土愛路傍大驛惟此二土足以振之
大海水,Water of the Great Sea,澗下水,Water in the Ravine,+,welcomes,named,澗下丁丑為山
大海水,Water of the Great Sea,大溪水,Water of the Great Stream,+,welcomes,named,長流大溪等水畢竟皆歸於海
大海水,Water of the Great Sea,長流水,Long-Flowing Water,+,welcomes,named,長流大溪等水畢竟皆歸於海
大海水,Water of the Great Sea,天河水,Water of the Milky Way,+,welcomes,named,天河與海上下相通
大海水,Water of the Great Sea,井泉水,Water in the Spring,-,avoids,named,井泉則有所制與海不通故不喜見之
