主\客,海中金,金泊金,白鑞金,砂中金,劒鋒金,釵釧金,霹靂火,爐中火,覆燈火,天上火,山下火,山頭火,桑柘木,松柏木,大林木,楊柳木,石榴木,平地木,壁上土,城頭土,砂中土,路傍土,大驛土,屋上土,澗下水,大溪水,長流水,天河水,井泉水,大海水
海中金,+,+,~,~,+,+,-,+,~,~,~,~,,,,,,,~,+,-,+,~,~,~,~,,~,~,~
金泊金,~,,~,~,+,+,-*,-,+,~,~,~,,,,,,+,+,+,,,,~,~,-,,~,~,~
白鑞金,-,,,-,,,,+,,,~,,0*,0*,0*,0*,0*,0*,~*,~*,~*,~*,~*,~*,+,+,+,,+,
砂中金,~,,~,,,,+,+,~,,~,~,~*,~*,~*,~*,~*,~*,,+,-,-,-,+,+,-,-,~,+,-
劒鋒金,~,,-,-,+,+,+,~,,~,,,,+,-,+,,-,+,+,-*,-*,-*,-*,~,+,+,,~,+
釵釧金,0,+,0,0,+,,~,-,+,+,~,~,,,,,,,,,+,,,,+,+,,~,+,-
霹靂火,~,0,~,0,~,0,,~,+,~,,,0,~,+,0,0,+,,~,+,~,,,+,+,0,+,,+
爐中火,~,0,~,~,~,0,~,,~,~,,,,~,,~,,+,+,+,,,,+,~,~,~,~,~,~
覆燈火,,+,-,+,+,+,-,-,,-,,,+*,+*,+*,+*,+*,+*,+,0,~,0,0,+,+,,~,-,+,-
天上火,-,+,-,-,+,+,-,-,+,,,,,+,+,,+,,,+,~,+,,+,~,~,,+,~,
山下火,+,,,,,,-,,+,-,,,+,+,+,,,+,,,~,,,,~,~,,~,~,~
山頭火,,,,,,,-,-,,-,-,,+,+,+,0,0,0,0,0,+,0,0,0,+,+,,~,~,-
桑柘木,,~,,+,+,~,+,+,+,+,,,,+,~,+,~,~,0,0,+,+,+,0,~,~,~,+,~,-
松柏木,+,+,,,~,,~,-,-,-,-,-,+,+,-,-,+,~,,,,~,-,~,+,~,,+,,~
大林木,~,-*,-*,-*,~,-*,~,,+,~,,-,+,~,,,,~,~,,,+,,~,+,-,,+,,~
楊柳木,-,+,-,-,-,+,~,+,-,,,,+,+,,,~,,~,+,+,-,~,~,+,+,+,-,+,
石榴木,~,+,,+,-,,~,~,,~,,,+,+,+,+,,+,~,+,~,~,~,+,+,+,,+,+,-
平地木,0,+,0,0,~,0,+,~,~,+,~,~,+,+,-,,,,+,+,-,+,-,+,+,~,,+,+,~
壁上土,0,+,0,0,-,0,-,-*,-*,-,-*,-*,+*,+,~,+*,+*,+,,+,,+,,+,,,,+,+,-
城頭土,0,0,~,0,0,0,-,~*,~*,~*,~*,~*,+,-,,~,,,,,,+,~,,+,,,+,+,~
砂中土,,+,,+,+,+,,~,~,+,~,~,+,,,+,,,-,-,,~,-,-,+,0,0,0,+,~
路傍土,~,,,+,,+,+,-,~,~,,,,+,-,,,,+,,+,+,,+,+,+,-,+,+,-
大驛土,,+,,+,~,+,+,~,~,+,~,~,+*,+*,-,+*,+*,+*,-,~,-,+,,-,+,+,~,+,+,~
屋上土,0,+,0,0,+,+,+,-,+,+,-,-,,,+,,,+,+,,~,+,,,+,~,,+,+,~
澗下水,,,,+,+,~,-,,,~,+,+,,,,,,,,,~,-,-,~,,-,-,+,,+
大溪水,+,0,+,+,~,+,-,,,~,,,+,-*,-*,-*,-*,-*,~,-,0*,0,~,-,+,,-,+,+,+
長流水,0,+,+,0,+,+,,,~,,,~,+,+,~,+,+,~,~*,~*,~*,~*,~*,~*,+,0,~,+,0,+
天河水,0*,0*,0*,0*,0*,+,+,~,~,-,,~,,~,+,+,+,+,-,0,+,-,0,+,,+,+,,+,+
井泉水,~,,-,+,-,+,+,,,+,,,0,+,~,0,+*,~,0,0,+,+,-,+,0,+,0,0,+,+
大海水,+,,,+,,,~,,-,+,-,-,+,~,-,+,~,+,,~,,+,+,,+,+,+,+,-,
