ganzhi,nayin,nayin_en,nayin_element,scale,arc_stage,arc_branch_pair,image,image_en,likes,likes_en,state,state_en,welcome,avoid,unharmed_by
甲子,海中金,Gold in the Sea,金,,1,子丑,寶物,treasure,喜金木旺地,metal and wood in their strong places,從革之金,metal that yields to reshaping,戊申 癸巳,丁卯 丁酉 戊午,
乙丑,海中金,Gold in the Sea,金,,1,子丑,頑鑛,unworked ore,喜火及南方日時,"fire, and southern days and hours",自庫之金,metal in its own Storage,,己丑 己未,火
丙寅,爐中火,Fire in the Furnace,火,,2,寅卯,爐炭,furnace coals,喜冬及木,"winter, and wood",赫曦之火,blazing fire,甲寅,,
丁卯,爐中火,Fire in the Furnace,火,,2,寅卯,爐煙,furnace smoke,喜巽地及秋冬,"the southeast, autumn and winter",伏明之火,fire with its light hidden,木,乙卯 乙酉,
戊辰,大林木,Great Forest Wood,木,large,3,辰巳,山林山野處不材之木,"wild mountain timber, not yet fit for use",喜水,water,兩土下木,wood beneath two earths,水,,金
己巳,大林木,Great Forest Wood,木,large,3,辰巳,山頭花草,flowers and grasses on the hilltop,喜春及秋,spring and autumn,近火之木,wood close to fire,,金,
庚午,路傍土,Roadside Earth,土,,4,午未,路傍乾土,dry earth by the road,喜水及春,"water, and spring",始生之土,newly born earth,,水,木
辛未,路傍土,Roadside Earth,土,,4,午未,含萬寶待秋成,"earth holding its yield, waiting for the autumn harvest",喜秋及火,"autumn, and fire",始生之土,newly born earth,,水,木
壬申,劒鋒金,Sword-Edge Metal,金,large,5,申酉,戈㦸,halberds,大喜子午卯酉,greatly: 子 午 卯 酉,臨官之金,metal at Coming of Age,水 土,丙申 丙寅 戊午,
癸酉,劒鋒金,Sword-Edge Metal,金,large,5,申酉,金之椎鑿,hammers and chisels,喜木及寅卯,"wood, and 寅 卯",堅成之金,"hardened, finished metal",,丁酉,火
甲戌,山頭火,Hilltop Fire,火,,6,戌亥,火所宿處,where fire rests,喜春及夏,spring and summer,自庫之火,fire in its own Storage,,壬戌,水
乙亥,山頭火,Hilltop Fire,火,,6,戌亥,火之熱氣,the heat of a fire,喜土及夏,"earth, and summer",伏明之火,fire with its light hidden,己亥 辛卯 己巳 壬午,癸亥 丙午,
丙子,澗下水,Water in the Ravine,水,,1,子丑,江湖,rivers and lakes,喜木及土,wood and earth,流衍之水,spreading water,,庚子,土
丁丑,澗下水,Water in the Ravine,水,,1,子丑,水之不流清徹處,"still, clear water that does not flow",喜金及夏,"metal, and summer",福聚之水,water where fortune gathers,金,辛未 丙辰 丙戌,
戊寅,城頭土,City Wall Earth,土,,2,寅卯,堤阜城郭,embankments and city walls,喜木及火,wood and fire,受傷之土,wounded earth,火,己亥 庚寅 辛卯,
己卯,城頭土,City Wall Earth,土,,2,寅卯,破堤敗城,"broken embankments, fallen walls",喜申酉及火,"申 酉, and fire",自死之土,earth at Stillness,丁卯 甲戌 乙亥 己未,,
庚辰,白鑞金,Soft Wax Metal,金,,3,辰巳,錫鑞,tin and pewter,喜秋及微木,"autumn, and a little wood",氣聚之金,metal with its qi gathered,,甲辰 乙巳,
辛巳,白鑞金,Soft Wax Metal,金,,3,辰巳,金之生者雜沙石,living ore mixed with sand and stone,喜火及秋,"fire, and autumn",自生之金,metal at Birth,,丙辰 乙巳 戊午,
壬午,楊柳木,Willow Wood,木,small,4,午未,楊柳幹節,willow trunk,喜春夏,spring and summer,柔和之木,"soft, pliant wood",,火 甲午,金
癸未,楊柳木,Willow Wood,木,small,4,午未,楊柳根,willow roots,喜冬及水亦宜春,winter and water; spring also suits,自庫之木,wood in its own Storage,,庚戌 乙未,
甲申,井泉水,Water in the Spring,水,small,5,申酉,甘井,a sweet-water well,喜春及夏,spring and summer,自生之水,water at Birth,金,戊申 庚子,土
乙酉,井泉水,Water in the Spring,水,small,5,申酉,陰壑水,water in a shaded gully,喜東方及南,the east and south,自敗之水,water at Bath,金,己酉 己卯 戊申 庚子 辛丑,
丙戌,屋上土,Rooftop Earth,土,,6,戌亥,堆阜,mounded earth,喜春夏及水,"spring, summer, and water",福壯祿厚之土,earth of strong fortune and ample provision,火,金,木
丁亥,屋上土,Rooftop Earth,土,,6,戌亥,平原,open plain,喜火及木,fire and wood,臨官之土,earth at Coming of Age,火,金 己亥 辛卯,木
戊子,霹靂火,Thunderbolt Fire,火,,1,子丑,雷也,thunder,喜水及春夏得土而神天,"water, spring and summer; with earth it becomes spirit",水中之火,fire within water,水,丙午 丁未,
己丑,霹靂火,Thunderbolt Fire,火,,1,子丑,電也,lightning,喜水及春夏得地而晦,"water, spring and summer; with earth it dims",水中之火；天將之火,fire within water / the heavenly general's fire,水 丙寅 戊午,,
庚寅,松柏木,Pine and Cypress Wood,木,large,2,寅卯,松柏幹節,pine and cypress trunks,喜秋冬,autumn and winter,歲寒之木,wood that holds through the cold of the year,,壬申,金
辛卯,松柏木,Pine and Cypress Wood,木,large,2,寅卯,松柏之根,pine and cypress roots,喜水土及宜春,water and earth; spring suits,歲寒之木,wood that holds through the cold of the year,,壬申,金
壬辰,長流水,Long-Flowing Water,水,,3,辰巳,龍水,dragon water,喜雷電及春夏,"thunder and lightning, spring and summer",自庫之水,water in its own Storage,水 土,金 壬辰 壬戌 癸亥 丙子,
癸巳,長流水,Long-Flowing Water,水,,3,辰巳,水之不息流入海,"water that never stops, flowing to the sea",喜亥子乃變化,"亥 子, where it transforms",自絶之水,water at Void,金,丙戌 丁亥 庚子,
甲午,砂中金,Gold in the Sand,金,,4,午未,百煉精金,gold refined a hundred times,喜水木土,"water, wood and earth",自敗之金,metal at Bath,火,丁卯 丁酉 戊子,
乙未,砂中金,Gold in the Sand,金,,4,午未,爐炭餘金,metal left among furnace ashes,喜大火及土,"great fire, and earth",偏庫之金,metal in a side Storage,火 土,己未 丙申 丁酉,
丙申,山下火,Fire at the Foothill,火,,5,申酉,白茅野燒,wildfire through white grass,喜秋冬及木,"autumn, winter, and wood",自病／自死之火,fire at Weakening / at Stillness,木,甲申 乙酉 甲寅 乙卯,
丁酉,山下火,Fire at the Foothill,火,,5,申酉,鬼神之靈響火之無形者,the echo of spirits; fire without form,喜辰戌丑未,辰 戌 丑 未,自病／自死之火,fire at Weakening / at Stillness,木,甲申 乙酉 甲寅 乙卯,
戊戌,平地木,Tree on Open Ground,木,,6,戌亥,蒿艾之枯者,withered mugwort,喜火及春夏,"fire, spring and summer",土中之木,wood buried in earth,水,土,金
己亥,平地木,Tree on Open Ground,木,,6,戌亥,蒿艾之茅,mugwort shoots,喜水及春夏,"water, spring and summer",自生之木,wood at Birth,乙卯 丁未 癸未,辛亥 辛巳 癸酉,金
庚子,壁上土,Earth on the Wall,土,,1,子丑,土中空者屋宇也,hollow earth: a house,喜木及金木,"wood, and metal with wood",厚徳之土,earth of deep virtue,壬申,,木
辛丑,壁上土,Earth on the Wall,土,,1,子丑,墳墓,a burial mound,喜木及火與春,"wood, fire and spring",福聚之土,earth where fortune gathers,,,木
壬寅,金泊金,Gold Foil Metal,金,small,2,寅卯,金之華飾者,ornamental metal,喜木及微火,"wood, and a little fire",自絶／氣散之金,metal at Void / with its qi scattered,水 土,火,
癸卯,金泊金,Gold Foil Metal,金,small,2,寅卯,環鈕鈴鐸,"rings, buttons and bells",喜盛火及秋,"strong fire, and autumn",自絶／氣散之金；自胎之金,metal at Void / with its qi scattered / metal at Conception,水 土 丙寅 丁卯,火,
甲辰,覆燈火,Sheltered Lamp Fire,火,small,3,辰巳,燈也,a lamp,喜夜及水惡晝,night and water; dislikes day,偏庫之火,fire in a side Storage,火 戊辰 戊戌,壬辰 壬戌 丙午 丁未,
乙巳,覆燈火,Sheltered Lamp Fire,火,small,3,辰巳,燈光也同上,the lamp's light,尤喜申酉及秋,above all 申 酉 and autumn,臨官之火,fire at Coming of Age,水 火,,水
丙午,天河水,Water of the Milky Way,水,,4,午未,月輪,the disc of the moon,喜夜及秋水旺也,"night and autumn, when water is strong",銀漢之水,water of the Milky Way,,,土
丁未,天河水,Water of the Milky Way,水,,4,午未,火光也同上,light (as above),,(as above),銀漢之水,water of the Milky Way,,,土
戊申,大驛土,Great Road Earth,土,large,5,申酉,秋間田地,fields in autumn,喜申酉及火,"申 酉, and fire",重阜之土,earth heaped in hills,金 水,,木
己酉,大驛土,Great Road Earth,土,large,5,申酉,秋間禾稼,autumn crops,喜申酉及冬,"申 酉, and winter",自敗之土,earth at Bath,丁卯 丁酉,辛卯 辛酉,
庚戌,釵釧金,Hairpin and Bracelet Metal,金,,6,戌亥,刃劒之餘,what remains of blades,喜微火及木,"a little fire, and wood",堅成之金,"hardened, finished metal",水 土,火,
辛亥,釵釧金,Hairpin and Bracelet Metal,金,,6,戌亥,鐘鼎寶物,"bells, cauldrons and treasures",喜木火及土,"wood, fire and earth",堅成之金,"hardened, finished metal",水 土,火,
壬子,桑柘木,Mulberry Wood,木,,1,子丑,傷水多之木,wood harmed by too much water,喜火土及夏,"fire, earth and summer",專位／偏庫之木,wood in its own seat / in a side Storage,金 土,水,
癸丑,桑柘木,Mulberry Wood,木,,1,子丑,傷水少之木,wood harmed by too little water,喜金水及秋,"metal, water and autumn",專位／偏庫之木,wood in its own seat / in a side Storage,金 土,水,
甲寅,大溪水,Water of the Great Stream,水,,2,寅卯,雨也,rain,喜夏及火,"summer, and fire",自病／自死之水,water at Weakening / at Stillness,壬寅 癸卯,,土
乙卯,大溪水,Water of the Great Stream,水,,2,寅卯,露也,dew,喜水及火,water and fire,自病／自死之水,water at Weakening / at Stillness,壬寅 癸卯,,土
丙辰,砂中土,Earth in the Sand,土,small,3,辰巳,堤岸,embankment,喜金及木,metal and wood,自庫之土,earth in its own Storage,甲辰,戊戌 己亥 辛卯 戊辰,木
丁巳,砂中土,Earth in the Sand,土,small,3,辰巳,土之沮涚,marshy earth,喜火及西北,"fire, and the northwest",自絶之土,earth at Void,火,,木
戊午,天上火,Fire in the Sky,火,large,4,午未,日輪,the disc of the sun,夏則人畏冬則人愛忌戊子己丑甲寅乙卯,"feared in summer, loved in winter; avoids 戊子 己丑 甲寅 乙卯",自旺／偏庫之火,fire at Prime / in a side Storage,,丙午 丁未,水
己未,天上火,Fire in the Sky,火,large,4,午未,日光,sunlight,忌夜亦畏四者,"avoids night, and fears the same four",自旺／偏庫之火,fire at Prime / in a side Storage,,丙午 丁未,水
庚申,石榴木,Pomegranate Wood,木,small,5,申酉,榴花,pomegranate flower,喜夏不宜秋冬,summer; autumn and winter do not suit,金居木上,metal sitting over wood,甲申 乙酉,金,
辛酉,石榴木,Pomegranate Wood,木,small,5,申酉,榴子,pomegranate seeds,喜秋及夏,autumn and summer,金居木上,metal sitting over wood,甲申 乙酉,金,
壬戌,大海水,Water of the Great Sea,水,large,6,戌亥,海也,the sea,喜春夏及木,"spring, summer, and wood",偏庫／臨官之水,water in a side Storage / water at Coming of Age,,水,土
癸亥,大海水,Water of the Great Sea,水,large,6,戌亥,百川,a hundred rivers,喜金土火,"metal, earth and fire",偏庫／臨官之水,water in a side Storage / water at Coming of Age,,水,土
